method,testcase,n_total_generated,n_unique_generated,time,thread_avg,n_duplicates,n_failed_opts,n_failed_topo,n_higher_unique,n_lower_unique
rdkit,csd_OHIFAM,1493,1493,600.5948874335736,1.0,4,0,0,1489,0
rdkit,csd_KAQJAN,4984,4982,600.0756439175457,1.0,1026,0,0,2361,1595
rdkit,pdb_1NT1,3822,3815,600.1003148499876,1.0,1681,0,0,2133,1
rdkit,pdb_3DV1,2960,2960,600.1723784487695,1.0,0,0,0,2933,27
rdkit,pdb_2VZM,2124,2124,600.0570431370288,1.0,0,0,0,2055,69
rdkit,pdb_3DV5,2362,2362,600.178401876241,1.0,1,0,0,2330,31
rdkit,csd_GIHKOX10,560,560,601.591532856226,1.0,0,0,0,560,0
rdkit,pdb_1QPL,577,577,601.3215754274279,1.0,0,0,1,573,3
rdkit,csd_CHPSAR,4251,4251,600.014386465773,1.0,3840,0,0,408,3
rdkit,csd_GAFSEL,6704,6704,600.0593631844968,1.0,499,0,0,6204,1
rdkit,csd_ACICOE,848,848,600.6607994847,1.0,0,0,0,848,0
rdkit,pdb_1QPF,576,576,600.2075786199421,1.0,0,0,0,564,12
rdkit,csd_PAPGAP,3922,3844,600.1123540755361,1.0,1921,0,0,1922,1
rdkit,csd_BIDPIN10,2007,2006,603.4042095113546,1.0,15,0,1,1959,31
rdkit,csd_VAKPIH,1232,1232,600.6462703160942,1.0,21,0,0,295,916
rdkit,csd_VALINM30,367,367,600.0437403060496,1.0,0,0,0,367,0
rdkit,csd_CYVIHV10,1284,1284,600.3152607027441,1.0,0,0,0,1278,6
rdkit,pdb_1ESV,5386,5334,600.1234542168677,1.0,735,0,3,3582,1014
rdkit,pdb_1TPS,502,502,600.5295317266136,1.0,0,0,0,498,4
rdkit,pdb_3ABA,1484,1484,600.133653704077,1.0,0,0,2,1481,1
rdkit,pdb_1NSG,564,564,600.4824765753001,1.0,0,0,0,562,2
rdkit,csd_COHVAW,3534,3520,600.1251755375415,1.0,180,0,0,1900,1440
rdkit,csd_CALSAR,9000,7594,600.074531763792,1.0,7187,0,0,394,13
rdkit,csd_DEKSAN,228,228,600.3373688030988,1.0,0,0,0,228,0
rdkit,csd_ZAJDUJ,210,210,602.1149410437793,1.0,0,0,0,210,0
rdkit,pdb_2QZK,2819,2815,600.088559102267,1.0,2096,0,0,569,150
rdkit,pdb_1WUA,338,338,604.1967900022864,1.0,0,0,0,333,5
rdkit,pdb_1SKX,1219,1219,600.2342105843127,1.0,0,0,0,1206,13
rdkit,pdb_1KEG,747,747,600.520946148783,1.0,0,0,0,723,24
rdkit,csd_CIYKUR,1304,1304,600.4217353705317,1.0,225,0,0,1059,20
rdkit,pdb_2C7X,2118,2118,600.2570001557469,1.0,1,0,1,2060,56
rdkit,pdb_3EKS,2836,2829,600.3015280198306,1.0,96,0,0,2227,506
rdkit,pdb_1BXO,1907,1907,600.3359353188425,1.0,22,0,0,1884,1
rdkit,csd_AAGGAG10,8243,8222,600.0390476882458,1.0,5105,0,0,3117,0
rdkit,csd_IDIMAJ,1250,1250,600.091484323144,1.0,6,0,0,1243,1
rdkit,pdb_1MRL,1438,1438,600.3672927562147,1.0,0,0,0,1427,11
rdkit,pdb_2WEA,3457,3431,600.1701925117522,1.0,1115,0,0,2279,37
rdkit,csd_FIXYEQ,2658,2658,600.0797038860619,1.0,21,0,0,2625,12
rdkit,csd_CAMVES01,3712,3711,600.1678154878318,1.0,685,0,0,3026,0
rdkit,pdb_3BXR,1201,1201,600.1507300697267,1.0,0,0,0,1171,30
rdkit,csd_VUHHEM,3236,3235,600.2360754068941,1.0,134,0,0,3087,14
rdkit,csd_QUDRIQ,3607,3607,600.1365439482033,1.0,104,0,0,3503,0
rdkit,csd_YUYYEW,7680,7660,600.0717213284224,1.0,2784,0,0,4667,209
rdkit,csd_MUCYIT,4860,4110,600.1193449441344,1.0,2236,0,0,1864,10
rdkit,pdb_1PFE,554,554,601.007200403139,1.0,0,0,0,553,1
rdkit,pdb_1A7X,620,620,600.036436419934,1.0,0,0,0,616,4
rdkit,csd_HEBLIJ,1158,1158,600.5270502865314,1.0,0,0,0,1158,0
rdkit,csd_HIKPAS01,11343,5243,600.0557596962899,1.0,4184,0,4,481,574
rdkit,csd_FINWEE10,885,885,600.5041939839721,1.0,0,0,1,884,0
rdkit,pdb_1JFF,296,296,602.1465402394533,1.0,1,0,0,252,43
rdkit,csd_CIYLAY,1237,1237,600.0869295764714,1.0,32,0,0,1165,40
rdkit,pdb_3M6G,852,852,600.4009682480246,1.0,0,0,0,850,2
rdkit,csd_WENFOL,1474,1474,600.3565959390253,1.0,3,0,0,1471,0
rdkit,csd_POXTRD10,24455,20847,600.0492775626481,1.0,19489,0,0,1311,47
rdkit,csd_HAXMOI10,464,464,600.316293803975,1.0,0,0,0,464,0
rdkit,pdb_3KEE,1603,1603,600.2065059039742,1.0,12,0,0,1457,134
rdkit,pdb_1OSF,1614,1614,600.3724878653884,1.0,7,0,0,1576,31
rdkit,pdb_1QZ5,594,594,600.2705039735883,1.0,0,0,0,558,36
rdkit,csd_QEKNID,501,501,600.806033147499,1.0,0,0,0,500,1
rdkit,pdb_2XBK,1726,1726,600.3562383875251,1.0,0,0,0,1726,0
rdkit,pdb_1QZ6,885,885,600.1864207368344,1.0,0,0,0,872,13
rdkit,pdb_1NMK,1269,1269,600.5314783044159,1.0,0,0,0,1268,1
rdkit,csd_BIHYAS10,1624,1624,600.1084395926446,1.0,1,0,0,1623,0
rdkit,pdb_2VYP,163,163,602.3969513457268,1.0,0,0,0,163,0
rdkit,csd_CAZVEF,14840,12789,600.5722998697311,1.0,12413,0,0,370,6
rdkit,csd_OHIDUE,1656,1656,600.1731757298112,1.0,0,0,0,1656,0
rdkit,csd_RUQVAB,4064,3913,600.1674808859825,1.0,1441,0,0,2454,18
rdkit,pdb_1EHL,4665,4654,600.0453278589994,1.0,396,0,0,4221,37
rdkit,pdb_3I6O,1834,1834,600.1574840862304,1.0,5,0,0,1270,559
rdkit,csd_WUMKIY,3597,3597,600.1075867209584,1.0,11,0,0,2844,742
rdkit,pdb_2ASP,557,557,600.9790736883879,1.0,0,0,0,532,25
rdkit,csd_DIGTOC,1069,1069,600.4587450828403,1.0,0,0,0,753,316
rdkit,pdb_1BZL,1504,1504,600.2992718070745,1.0,0,0,0,1503,1
rdkit,pdb_2ASO,465,465,600.8524055052549,1.0,0,0,0,460,5
rdkit,pdb_2ASM,474,474,600.649385124445,1.0,0,0,0,465,9
rdkit,csd_TERDAW,1479,1479,600.663730500266,1.0,0,0,0,1479,0
rdkit,csd_VOKBIG,279,279,601.3147752396762,1.0,0,0,0,279,0
rdkit,csd_YAGVEH,1234,1234,600.4473461359739,1.0,0,0,0,1234,0
rdkit,csd_RECRAT,4041,3698,600.0392937567085,1.0,2681,0,0,1013,4
rdkit,csd_NUCZUH,935,935,600.0483670402318,1.0,0,0,0,935,0
rdkit,csd_XACJAM,1349,1349,600.3795791175216,1.0,3,0,0,1344,2
rdkit,pdb_1GHG,497,497,600.1246583517641,1.0,0,0,0,494,3
rdkit,pdb_1XBP,2451,2451,600.0811053942889,1.0,16,0,0,2235,200
rdkit,pdb_1YND,330,330,600.1137016136199,1.0,0,0,0,330,0
rdkit,csd_ICYSPA,229,229,602.1322579495609,1.0,0,0,0,229,0
rdkit,csd_XAGXIN,7585,7425,600.0360075291246,1.0,3956,0,0,3409,60
rdkit,csd_FAGFEZ,1661,1661,600.3006293345243,1.0,0,0,0,1661,0
rdkit,csd_YIVNOG,1071,1071,600.3655014690012,1.0,0,0,0,1071,0
rdkit,csd_REMCOC,4365,2656,600.1145706083626,1.0,2180,0,0,261,215
rdkit,pdb_1KHR,3299,3261,600.1144014429301,1.0,380,0,0,2866,15
rdkit,csd_VOLHOU,3331,3331,600.0186091326177,1.0,122,0,0,3205,4
rdkit,pdb_1E9W,215,215,600.8412944469601,1.0,0,0,0,215,0
rdkit,csd_CTVHVH01,275,275,600.7179186455905,1.0,0,0,0,275,0
rdkit,csd_CGPGAP10,7697,6887,600.5571920592338,1.0,5724,0,0,1162,1
rdkit,csd_QOSNAN,1778,1778,600.2758899852633,1.0,0,0,0,1778,0
rdkit,pdb_2IYA,1156,1156,600.2604642212391,1.0,0,0,0,1152,4
rdkit,pdb_1S22,1661,1661,600.1691455114633,1.0,0,0,0,1301,360
rdkit,pdb_1NTK,3478,3478,600.1559508163482,1.0,69,0,0,2177,1232
rdkit,pdb_2DG4,497,497,601.1794528923929,1.0,0,0,0,495,2
rdkit,pdb_2IYF,941,941,600.2138271722943,1.0,0,0,0,930,11
rdkit,csd_JINWUZ,1886,1886,600.1706070266664,1.0,0,0,0,1886,0
rdkit,pdb_2F3E,1553,1553,600.1346487943083,1.0,0,0,0,1527,26
rdkit,pdb_2F3F,2938,2938,600.0872236397117,1.0,0,0,0,2925,13
rdkit,pdb_1FKD,877,877,600.1144166365266,1.0,0,0,0,867,10
rdkit,pdb_2OTJ,1928,1928,600.2990222126245,1.0,0,0,2,1863,63
rdkit,pdb_1FKL,499,499,600.3644060436636,1.0,0,0,0,499,0
rdkit,pdb_1FKI,3828,3828,600.1530743408948,1.0,58,0,0,3536,234
rdkit,csd_CLPGDH,1793,1793,600.3799701500684,1.0,7,0,0,1786,0
rdkit,pdb_1FKJ,889,889,600.5832176245749,1.0,0,0,0,872,17
rdkit,csd_GEZBUI,1759,1759,600.2243132200092,1.0,0,0,0,1758,1
rdkit,csd_KAQJER,3326,3326,600.115948503837,1.0,195,0,0,913,2218
rdkit,csd_WUBGAB,986,986,600.0925933476537,1.0,0,0,0,985,1
rdkit,csd_ABOJOR,3115,2975,600.0375019349158,1.0,1167,0,0,1808,0
rdkit,pdb_2PH8,4200,3812,600.984476774931,1.0,2187,0,0,1422,203
rdkit,csd_QUDROW,2647,2647,600.086927479133,1.0,2,0,0,2645,0
rdkit,csd_RULSUN,932,932,600.0265108607709,1.0,0,0,0,930,2
rdkit,csd_DAFGIA,3533,917,600.1626420263201,1.0,672,0,0,243,2
rdkit,csd_CUQRUB,208,208,602.5439338684082,1.0,0,0,0,208,0
rdkit,pdb_1XS7,1046,1046,600.340839734301,1.0,0,0,0,1039,7
rdkit,csd_LALWIF,6280,552,600.0965126920491,1.0,474,0,0,73,5
rdkit,csd_XAGXOT,3138,3105,601.7341460101306,1.0,322,0,0,2761,22
rdkit,csd_JOKSAD,9404,9325,600.0752653777599,1.0,1270,0,0,4370,3685
rdkit,csd_CAHWEN,1797,1797,600.1936482489109,1.0,3,0,0,1794,0
rdkit,csd_MECBOL,13652,13453,600.0464904569089,1.0,10021,0,0,3423,9
rdkit,csd_DALPUC,2331,2330,600.1039524264634,1.0,203,0,0,2127,0
rdkit,csd_NITFEB,4824,4810,600.047233812511,1.0,221,0,1,4189,399
rdkit,csd_YAGKOG,305,305,601.7070803120732,1.0,0,0,0,305,0
rdkit,pdb_2C6H,2854,2854,600.1491231918335,1.0,11,0,0,2797,46
rdkit,pdb_2GPL,1996,1996,600.2932790424675,1.0,142,0,0,1485,369
rdkit,pdb_1PKF,4474,4474,600.0731990672648,1.0,2,0,0,3400,1072
rdkit,pdb_1PPJ,3500,3496,600.1286553889513,1.0,97,0,0,2738,661
rdkit,pdb_1YXQ,151,151,600.2639256287366,1.0,0,0,0,144,7
rdkit,csd_RASTIO,8687,8647,600.0274952724576,1.0,4223,0,0,4419,5
rdkit,pdb_3K5C,2451,2451,600.310510341078,1.0,11,0,0,1739,701
rdkit,csd_MALVAL10,938,938,600.5801345594227,1.0,0,0,0,938,0
rdkit,pdb_2WHW,4541,4541,600.1110189203173,1.0,61,0,0,2680,1800
rdkit,csd_ABOMOT,522,522,600.9975764844567,1.0,0,0,0,522,0
rdkit,csd_DACMAW,1797,1797,600.0927806049585,1.0,0,0,0,1796,1
rdkit,pdb_1YET,2085,2079,600.1957723330706,1.0,90,0,0,1982,7
rdkit,csd_MIWTER,1235,1235,600.9806477613747,1.0,0,0,0,1235,0
rdkit,pdb_7UPJ,5001,4085,600.0737835429609,1.0,2349,0,0,610,1126
rdkit,csd_YUPBAN01,309,309,600.3506365604699,1.0,0,0,0,309,0
rdkit,pdb_1NWX,987,987,600.4938385244459,1.0,0,0,0,981,6
rdkit,csd_FEGJAD,2036,2036,600.1690194886178,1.0,68,0,0,1963,5
rdkit,csd_KIVDIC,2315,2315,600.1473008990288,1.0,112,0,0,2202,1
rdkit,csd_XAGYAG,4091,3942,600.4284208789468,1.0,1066,0,0,2761,115
rdkit,csd_OHUXEU,982,982,600.447317654267,1.0,2,0,1,974,5
rdkit,csd_CTILIH10,290,290,601.0306967329234,1.0,0,0,0,290,0
rdkit,csd_FIVSAE,5870,5557,600.040474044159,1.0,3933,0,0,1623,1
rdkit,pdb_2Q0R,728,728,600.2507264968008,1.0,0,0,0,718,10
mtd,csd_OHIFAM,104,104,603.7154829148203,1.0,1,0,0,82,21
mtd,csd_KAQJAN,203,203,602.482719508931,1.0,1,0,0,70,132
mtd,pdb_1NT1,190,190,602.3918526191264,1.0,6,0,0,140,44
mtd,pdb_3DV1,154,154,602.3400166835636,1.0,0,0,0,100,54
mtd,pdb_2VZM,135,135,602.6093381084502,1.0,7,0,0,92,36
mtd,pdb_3DV5,139,139,602.6441652085632,1.0,0,0,0,125,14
mtd,csd_GIHKOX10,57,57,605.8904166836292,1.0,0,0,0,53,4
mtd,pdb_1QPL,63,63,605.5770981237292,1.0,0,0,0,47,16
mtd,csd_CHPSAR,196,196,602.4908499475569,1.0,18,0,0,108,70
mtd,csd_GAFSEL,232,232,602.327710269019,1.0,0,0,0,215,17
mtd,csd_ACICOE,70,70,604.0625363327563,1.0,0,0,0,66,4
mtd,pdb_1QPF,61,61,605.1125508304685,1.0,0,0,0,49,12
mtd,csd_PAPGAP,199,199,602.516749067232,1.0,41,0,0,113,45
mtd,csd_BIDPIN10,162,162,602.7897447627038,1.0,6,0,0,64,92
mtd,csd_VAKPIH,96,96,603.4541102126241,1.0,1,0,0,17,78
mtd,csd_VALINM30,50,50,606.3747744038701,1.0,0,0,0,17,33
mtd,csd_CYVIHV10,88,88,603.1263638287783,1.0,0,0,0,57,31
mtd,pdb_1ESV,241,241,602.2696099579334,1.0,4,0,0,95,142
mtd,pdb_1TPS,56,56,605.2299865502864,1.0,0,0,0,43,13
mtd,pdb_3ABA,106,106,603.0622236058116,1.0,0,0,0,95,11
mtd,pdb_1NSG,57,57,604.5952772442251,1.0,0,0,0,47,10
mtd,csd_COHVAW,198,198,602.8820550385863,1.0,10,0,0,63,125
mtd,csd_CALSAR,326,326,602.1249816827476,1.0,117,0,0,140,69
mtd,csd_DEKSAN,35,35,606.6474983468652,1.0,0,0,0,25,10
mtd,csd_ZAJDUJ,33,33,607.1495070103556,1.0,0,0,0,15,18
mtd,pdb_2QZK,159,159,602.9561953041703,1.0,39,0,0,90,30
mtd,pdb_1WUA,42,42,606.1345663946122,1.0,0,0,0,40,2
mtd,pdb_1SKX,105,105,603.3304255492985,1.0,9,0,0,73,23
mtd,pdb_1KEG,67,67,604.5470116790384,1.0,0,0,0,61,6
mtd,csd_CIYKUR,110,110,603.0510398931801,1.0,0,0,0,104,6
mtd,pdb_2C7X,137,137,602.8827842827886,1.0,4,0,0,97,36
mtd,pdb_3EKS,163,163,602.6058125384152,1.0,58,0,0,36,69
mtd,pdb_1BXO,117,117,602.8877054322511,1.0,1,0,0,98,18
mtd,csd_AAGGAG10,292,292,602.2080117240548,1.0,24,0,0,192,76
mtd,csd_IDIMAJ,89,89,604.1761715058237,1.0,3,0,0,79,7
mtd,pdb_1MRL,94,94,603.3462422322482,1.0,0,0,0,92,2
mtd,pdb_2WEA,161,161,602.7391383778304,1.0,6,0,0,115,40
mtd,csd_FIXYEQ,156,156,602.5359564460814,1.0,2,0,0,99,55
mtd,csd_CAMVES01,196,196,602.4872493315488,1.0,20,0,0,140,36
mtd,pdb_3BXR,104,104,603.1843197066337,1.0,0,0,0,33,71
mtd,csd_VUHHEM,151,151,602.7290208023041,1.0,2,0,0,59,90
mtd,csd_QUDRIQ,162,162,602.4346983544528,1.0,0,0,0,137,25
mtd,csd_YUYYEW,285,285,602.0988491792232,1.0,1,0,0,113,171
mtd,csd_MUCYIT,202,202,602.4159312620759,1.0,14,0,0,95,93
mtd,pdb_1PFE,60,60,607.3369443472475,1.0,0,0,0,58,2
mtd,pdb_1A7X,64,64,605.3383469283581,1.0,0,0,0,60,4
mtd,csd_HEBLIJ,92,92,603.2736260760576,1.0,0,0,0,77,15
mtd,csd_HIKPAS01,372,372,602.042781189084,1.0,221,0,0,59,92
mtd,csd_FINWEE10,72,72,603.9393205270171,1.0,0,0,0,71,1
mtd,pdb_1JFF,78,78,604.1184113826603,1.0,9,0,0,59,10
mtd,csd_CIYLAY,109,109,603.059308513999,1.0,0,0,0,87,22
mtd,pdb_3M6G,79,79,603.5455487705767,1.0,0,0,0,77,2
mtd,csd_WENFOL,81,81,603.9497695304453,1.0,0,0,0,78,3
mtd,csd_POXTRD10,564,564,601.9782560430467,1.0,119,0,0,283,162
mtd,csd_HAXMOI10,53,53,605.7590698953718,1.0,0,0,0,45,8
mtd,pdb_3KEE,109,109,603.5116969570518,1.0,1,0,0,72,36
mtd,pdb_1OSF,112,112,602.8357883580029,1.0,0,0,0,94,18
mtd,pdb_1QZ5,65,65,604.3705956153572,1.0,0,0,0,51,14
mtd,csd_QEKNID,61,61,604.4158795773983,1.0,0,0,0,43,18
mtd,pdb_2XBK,112,112,603.3580357842147,1.0,0,0,0,107,5
mtd,pdb_1QZ6,80,80,603.7515378948301,1.0,0,0,0,71,9
mtd,pdb_1NMK,88,88,603.5385001786053,1.0,0,0,0,71,17
mtd,csd_BIHYAS10,122,122,602.9202701132745,1.0,0,0,0,97,25
mtd,pdb_2VYP,28,28,608.9500545077026,1.0,0,0,0,19,9
mtd,csd_CAZVEF,426,426,602.0182573590428,1.0,102,0,0,159,165
mtd,csd_OHIDUE,109,109,603.3262525554746,1.0,1,0,0,86,22
mtd,csd_RUQVAB,174,174,602.5639638565481,1.0,36,0,0,108,30
mtd,pdb_1EHL,198,198,602.4395654071122,1.0,72,0,0,123,3
mtd,pdb_3I6O,130,130,602.9643847215921,1.0,0,0,0,66,64
mtd,csd_WUMKIY,154,154,602.6344866268337,1.0,3,0,0,34,117
mtd,pdb_2ASP,59,59,604.639907727018,1.0,0,0,0,48,11
mtd,csd_DIGTOC,78,78,603.3117304425687,1.0,0,0,0,28,50
mtd,pdb_1BZL,104,104,603.2257427666336,1.0,0,0,0,100,4
mtd,pdb_2ASO,54,54,605.6846499890089,1.0,0,0,0,40,14
mtd,pdb_2ASM,56,56,604.8276763558388,1.0,0,0,0,35,21
mtd,csd_TERDAW,99,99,603.2216117680073,1.0,0,0,0,62,37
mtd,csd_VOKBIG,39,39,607.0601066146046,1.0,0,0,0,21,18
mtd,csd_YAGVEH,99,99,603.3174776248634,1.0,0,0,0,88,11
mtd,csd_RECRAT,162,162,602.9334458056837,1.0,13,0,0,79,70
mtd,csd_NUCZUH,74,74,603.9390231594443,1.0,0,0,0,57,17
mtd,csd_XACJAM,90,90,604.0797231774777,1.0,1,0,0,54,35
mtd,pdb_1GHG,60,60,605.6723704114556,1.0,0,0,0,60,0
mtd,pdb_1XBP,135,135,602.645912995562,1.0,1,0,0,74,60
mtd,pdb_1YND,50,50,605.7100708819926,1.0,0,0,0,46,4
mtd,csd_ICYSPA,35,35,607.491469450295,1.0,0,0,0,24,11
mtd,csd_XAGXIN,287,287,602.0982469301671,1.0,12,0,0,70,205
mtd,csd_FAGFEZ,113,113,603.3906561080366,1.0,0,0,0,92,21
mtd,csd_YIVNOG,81,81,603.8201328460127,1.0,0,0,0,76,5
mtd,csd_REMCOC,210,210,602.414997112006,1.0,26,0,0,18,166
mtd,pdb_1KHR,179,179,602.6987781170756,1.0,0,0,0,146,33
mtd,csd_VOLHOU,146,146,602.7834462281317,1.0,0,0,0,144,2
mtd,pdb_1E9W,30,30,611.7199846152216,1.0,0,0,0,26,4
mtd,csd_CTVHVH01,37,37,606.3802664484829,1.0,0,0,0,20,17
mtd,csd_CGPGAP10,292,292,602.1443405710161,1.0,83,0,0,175,34
mtd,csd_QOSNAN,102,102,603.8695690892637,1.0,0,0,0,87,15
mtd,pdb_2IYA,92,92,603.2110259812325,1.0,0,0,0,89,3
mtd,pdb_1S22,104,104,603.0959958732128,1.0,0,0,0,57,47
mtd,pdb_1NTK,158,158,602.5094890315086,1.0,0,0,0,69,89
mtd,pdb_2DG4,62,62,605.1499080248177,1.0,0,0,0,47,15
mtd,pdb_2IYF,77,77,603.3347161393613,1.0,0,0,0,57,20
mtd,csd_JINWUZ,122,122,603.1192067973316,1.0,1,0,0,90,31
mtd,pdb_2F3E,103,103,603.03527812846,1.0,0,0,0,79,24
mtd,pdb_2F3F,155,155,602.4719232469797,1.0,0,0,0,148,7
mtd,pdb_1FKD,73,73,603.9481713734567,1.0,0,0,0,67,6
mtd,pdb_2OTJ,126,126,602.8483941722661,1.0,0,0,0,104,22
mtd,pdb_1FKL,62,62,604.5422999337316,1.0,0,0,0,55,7
mtd,pdb_1FKI,191,191,602.4049580190331,1.0,0,0,0,52,139
mtd,csd_CLPGDH,112,112,603.1874298360199,1.0,0,0,0,81,31
mtd,pdb_1FKJ,71,71,604.8288756590337,1.0,0,0,0,48,23
mtd,csd_GEZBUI,111,111,602.7580910678953,1.0,1,0,0,101,9
mtd,csd_KAQJER,157,157,602.6295839399099,1.0,1,0,0,34,122
mtd,csd_WUBGAB,83,83,603.8639362696558,1.0,0,0,0,49,34
mtd,csd_ABOJOR,151,151,603.1938882898539,1.0,0,0,0,96,55
mtd,pdb_2PH8,200,200,602.3740558791906,1.0,29,0,0,143,28
mtd,csd_QUDROW,134,134,602.7376689668745,1.0,0,0,0,119,15
mtd,csd_RULSUN,73,73,603.735896827653,1.0,1,0,0,71,1
mtd,csd_DAFGIA,165,165,602.7527606021613,1.0,69,0,0,81,15
mtd,csd_CUQRUB,33,33,607.5448570847511,1.0,0,0,0,23,10
mtd,pdb_1XS7,88,88,603.8000747282058,1.0,0,0,0,65,23
mtd,csd_LALWIF,248,248,602.309492925182,1.0,178,0,0,57,13
mtd,csd_XAGXOT,201,201,602.2329046390951,1.0,1,0,0,89,111
mtd,csd_JOKSAD,336,336,602.0164110474288,1.0,5,0,0,66,265
mtd,csd_CAHWEN,108,108,603.1918661314994,1.0,0,0,0,92,16
mtd,csd_MECBOL,359,359,602.0200857613236,1.0,12,0,0,227,120
mtd,csd_DALPUC,126,126,603.1445596627891,1.0,0,0,0,73,53
mtd,csd_NITFEB,260,260,602.1856433358043,1.0,3,0,0,82,175
mtd,csd_YAGKOG,46,46,606.156634343788,1.0,0,0,0,27,19
mtd,pdb_2C6H,164,164,602.4093757923692,1.0,8,0,0,143,13
mtd,pdb_2GPL,119,119,603.5183649491519,1.0,0,0,0,46,73
mtd,pdb_1PKF,167,167,602.5117066111416,1.0,0,0,0,52,115
mtd,pdb_1PPJ,165,165,602.60243980214,1.0,0,0,0,122,43
mtd,pdb_1YXQ,28,28,608.217072673142,1.0,0,0,0,11,17
mtd,csd_RASTIO,311,311,602.1972678247839,1.0,81,0,0,111,119
mtd,pdb_3K5C,126,126,602.8060417808592,1.0,0,0,0,55,71
mtd,csd_MALVAL10,80,80,603.7349662594497,1.0,0,0,0,63,17
mtd,pdb_2WHW,198,198,602.2404872123152,1.0,0,0,0,103,95
mtd,csd_ABOMOT,47,47,608.969692863524,1.0,0,0,0,35,12
mtd,csd_DACMAW,106,106,603.3712774645537,1.0,0,0,0,93,13
mtd,pdb_1YET,146,146,602.7770518753678,1.0,5,0,0,111,30
mtd,csd_MIWTER,94,94,603.1717920526862,1.0,0,0,0,89,5
mtd,pdb_7UPJ,210,210,602.4106163978577,1.0,16,0,0,31,163
mtd,csd_YUPBAN01,45,45,606.2851923368871,1.0,0,0,0,30,15
mtd,pdb_1NWX,85,85,603.8639204911888,1.0,0,0,0,80,5
mtd,csd_FEGJAD,128,128,602.7883631531149,1.0,4,0,0,79,45
mtd,csd_KIVDIC,147,147,602.5784102696925,1.0,12,0,0,82,53
mtd,csd_XAGYAG,189,189,602.3320370353758,1.0,1,0,0,49,139
mtd,csd_OHUXEU,93,93,604.1067702379078,1.0,0,0,0,67,26
mtd,csd_CTILIH10,42,42,607.7762702815235,1.0,0,0,0,30,12
mtd,csd_FIVSAE,232,232,602.3305771872401,1.0,39,0,0,124,69
mtd,pdb_2Q0R,77,77,604.1516406740993,1.0,0,0,0,67,10
mmbasic,pdb_2QZK,16,16,376.87268184125423,0.9202162162162159,7,0,0,5,4
mmbasic,csd_YIVNOG,24,24,1453.5844950154424,0.9917793103448271,1,0,0,16,7
mmbasic,pdb_3M6G,7,6,1513.615862218663,0.9705430463576157,0,0,0,1,5
mmbasic,pdb_1NWX,9,9,1273.4378180205822,0.9969763779527543,0,0,0,0,9
mmbasic,pdb_2IYA,8,8,1213.308373099193,0.9945785123966927,2,0,0,0,6
mmbasic,csd_RECRAT,22,20,312.3975125104189,0.9790967741935478,1,0,0,0,19
mmbasic,csd_FINWEE10,20,19,612.7150898166001,0.9813770491803288,2,0,0,17,0
mmbasic,csd_RULSUN,40,37,1513.7074477747085,1.0072582781456956,4,0,0,6,27
mmbasic,pdb_2C6H,22,22,372.5022629313171,0.9247567567567564,1,0,0,7,14
mmbasic,csd_MIWTER,20,20,913.028907507658,0.9889230769230763,0,0,0,1,19
mmring,pdb_2QZK,809,809,4820.479409243912,1.0026444906444842,460,0,0,258,91
mmring,csd_YIVNOG,5208,5208,17679.15503335744,1.0086035167328655,206,0,0,3894,1108
mmring,pdb_3M6G,3644,3499,14313.398065205663,1.0056862745098245,1012,0,0,1013,1474
mmring,pdb_1NWX,1618,1424,12502.6793673262,1.004589743589762,419,0,0,460,545
mmring,pdb_2IYA,2695,2416,10113.76867549494,1.0046144697720663,1003,0,0,1106,307
mmring,csd_RECRAT,416,406,4578.506670484319,1.0050590809627948,79,0,0,208,119
mmring,csd_FINWEE10,4164,3929,15097.950755830854,1.0054342629482285,1094,0,0,1950,885
mmring,csd_RULSUN,4889,4656,14862.006748130543,1.0059595141700617,1151,0,0,3232,273
mmring,pdb_2C6H,1016,1015,4779.275647468865,1.0000167714884634,394,0,0,519,102
mmring,csd_MIWTER,2762,2656,9984.732683058828,1.00395180722893,488,0,0,1519,649
ringointel,csd_OHIFAM,7001,7001,600.8195988021325,1.0,182,0,0,6465,354
ringointel,csd_KAQJAN,8195,8195,600.2201251620427,1.0,308,0,0,4070,3817
ringointel,pdb_1NT1,10000,10000,255.99809108511545,1.0,2976,0,0,6443,581
ringointel,pdb_3DV1,10000,10000,160.86568359006196,1.0,3,0,0,8342,1655
ringointel,pdb_2VZM,10000,10000,338.7525270059705,1.0,1570,0,0,7624,806
ringointel,pdb_3DV5,10000,10000,510.9243447100744,1.0,25,0,0,9011,964
ringointel,csd_GIHKOX10,274,274,600.831823826069,1.0,0,0,0,270,4
ringointel,pdb_1QPL,1796,1796,600.5694243561011,1.0,0,0,0,1722,74
ringointel,csd_CHPSAR,8536,8536,600.1921764120925,1.0,1830,0,0,5230,1476
ringointel,csd_GAFSEL,10000,10000,217.6529024960473,1.0,7,0,0,9462,531
ringointel,csd_ACICOE,3492,3492,600.5746186820325,1.0,0,0,0,3444,48
ringointel,pdb_1QPF,1278,1278,600.5855443789624,1.0,0,0,0,1212,66
ringointel,csd_PAPGAP,10000,10000,252.5955145561602,1.0,7514,0,0,2426,60
ringointel,csd_BIDPIN10,10000,10000,134.20600492996164,1.0,2775,0,0,5428,1797
ringointel,csd_VAKPIH,7065,7065,600.8306273990311,1.0,28,0,0,2085,4952
ringointel,csd_VALINM30,157,157,601.09320376697,1.0,0,0,0,151,6
ringointel,csd_CYVIHV10,2796,2796,600.471443845192,1.0,0,0,0,2500,296
ringointel,pdb_1ESV,10005,10000,127.33992625586689,1.0,6324,0,0,2647,1029
ringointel,pdb_1TPS,391,391,600.5044648079202,1.0,0,0,0,362,29
ringointel,pdb_3ABA,10000,10000,351.9068031050265,1.0,0,0,0,9082,918
ringointel,pdb_1NSG,794,794,600.667173871072,1.0,0,0,0,774,20
ringointel,csd_COHVAW,10000,10000,136.65598733909428,1.0,1292,0,0,7270,1438
ringointel,csd_CALSAR,10000,10000,107.2860211620573,1.0,5838,0,0,3783,379
ringointel,csd_DEKSAN,26,26,602.280130708823,1.0,0,0,0,26,0
ringointel,csd_ZAJDUJ,4,4,603.967535961885,1.0,0,0,0,4,0
ringointel,pdb_2QZK,6249,6249,600.168173893122,1.0,5291,0,0,785,173
ringointel,pdb_1WUA,510,510,601.0719817790668,1.0,0,0,0,499,11
ringointel,pdb_1SKX,10000,10000,324.2463751221076,1.0,265,0,0,8988,747
ringointel,pdb_1KEG,6304,6304,600.8635682270397,1.0,291,0,0,6008,5
ringointel,csd_CIYKUR,1067,1067,612.1969720919151,1.0,151,0,0,799,117
ringointel,pdb_2C7X,10000,10000,405.5451269450132,1.0,1987,0,0,7245,768
ringointel,pdb_3EKS,10005,10000,237.47603232995607,1.0,9058,0,0,734,208
ringointel,pdb_1BXO,5059,5059,600.4653512118384,1.0,5,0,0,4890,164
ringointel,csd_AAGGAG10,10000,10000,120.32691793004052,1.0,1697,0,0,7918,385
ringointel,csd_IDIMAJ,9473,9473,600.6940115711186,1.0,569,0,0,8364,540
ringointel,pdb_1MRL,4879,4879,600.5928748080041,1.0,0,0,0,4843,36
ringointel,pdb_2WEA,7690,7690,600.268797770841,1.0,2658,0,0,4628,404
ringointel,csd_FIXYEQ,10000,10000,166.85466937790625,1.0,428,0,0,8654,918
ringointel,csd_CAMVES01,10000,10000,139.34639245993458,1.0,5327,0,0,4502,171
ringointel,pdb_3BXR,6522,6522,600.4454734339379,1.0,1,0,0,5066,1455
ringointel,csd_VUHHEM,5309,5309,600.404946501134,1.0,63,0,0,4535,711
ringointel,csd_QUDRIQ,10000,10000,361.3808054830879,1.0,939,0,0,7527,1534
ringointel,csd_YUYYEW,10000,10000,217.0791988079436,1.0,1062,0,0,4802,4136
ringointel,csd_MUCYIT,7806,7806,600.1411124491133,1.0,3272,0,0,3864,670
ringointel,pdb_1PFE,3592,3592,600.6688390960917,1.0,0,0,0,3573,19
ringointel,pdb_1A7X,2212,2212,600.518387706019,1.0,0,0,0,2169,43
ringointel,csd_HEBLIJ,3087,3087,601.1014734469354,1.0,1,0,0,2900,186
ringointel,csd_HIKPAS01,14877,10000,133.24102590908296,1.0,9876,0,0,112,12
ringointel,csd_FINWEE10,3282,3282,600.4013200928457,1.0,0,0,0,3275,7
ringointel,pdb_1JFF,3880,3880,600.4389352148864,1.0,893,0,0,2974,13
ringointel,csd_CIYLAY,1069,1069,612.3370518588927,1.0,6,0,0,867,196
ringointel,pdb_3M6G,7072,7072,600.4114491678774,1.0,0,0,0,7044,28
ringointel,csd_WENFOL,3186,3186,600.7296274271794,1.0,0,0,0,3169,17
ringointel,csd_POXTRD10,10000,10000,92.99432357610203,1.0,6412,0,0,3046,542
ringointel,csd_HAXMOI10,170,170,605.1387813109905,1.0,0,0,0,156,14
ringointel,pdb_3KEE,7008,7008,600.3836350569036,1.0,934,0,0,4749,1325
ringointel,pdb_1OSF,9691,9691,600.2991613268387,1.0,32,0,0,9410,249
ringointel,pdb_1QZ5,1116,1116,600.7277337829582,1.0,0,0,0,1012,104
ringointel,csd_QEKNID,1884,1884,600.6492581120692,1.0,0,0,0,1770,114
ringointel,pdb_2XBK,5747,5747,600.432069316972,1.0,23,0,0,5457,267
ringointel,pdb_1QZ6,6753,6753,600.5587541968562,1.0,0,0,0,6092,661
ringointel,pdb_1NMK,10000,10000,479.4457246691454,1.0,0,0,0,9412,588
ringointel,csd_BIHYAS10,10000,10000,451.0026200099383,1.0,39,0,0,9381,580
ringointel,pdb_2VYP,118,118,603.0476945529226,1.0,0,0,0,113,5
ringointel,csd_CAZVEF,10000,10000,380.8250015149824,1.0,7408,0,0,2141,451
ringointel,csd_OHIDUE,9863,9863,600.6298112040386,1.0,437,0,0,9037,389
ringointel,csd_RUQVAB,10000,10000,260.50003298185766,1.0,7358,0,0,2550,92
ringointel,pdb_1EHL,1099815,389,600.2914422890171,1.0,368,0,0,21,0
ringointel,pdb_3I6O,10000,10000,589.8952907971106,1.0,409,0,0,6305,3286
ringointel,csd_WUMKIY,10000,10000,319.7927077161148,1.0,675,0,0,7475,1850
ringointel,pdb_2ASP,3086,3086,600.6619370311964,1.0,0,0,0,2805,281
ringointel,csd_DIGTOC,9081,9081,600.664764450863,1.0,0,0,0,6099,2982
ringointel,pdb_1BZL,1153,1153,601.7962189188693,1.0,0,0,0,1142,11
ringointel,pdb_2ASO,1905,1905,600.6726697830018,1.0,0,0,0,1774,131
ringointel,pdb_2ASM,2725,2725,600.7460530009121,1.0,0,0,0,2479,246
ringointel,csd_TERDAW,2438,2438,601.1552762270439,1.0,0,0,0,2276,162
ringointel,csd_VOKBIG,64,64,601.2874122960493,1.0,0,0,0,61,3
ringointel,csd_YAGVEH,6911,6911,600.6257575429045,1.0,8,0,0,6757,146
ringointel,csd_RECRAT,7700,7700,600.3635586930905,1.0,4455,0,0,2862,383
ringointel,csd_NUCZUH,6591,6591,600.4536188438069,1.0,1,0,0,6276,314
ringointel,csd_XACJAM,3323,3323,600.5713988109492,1.0,7,0,0,2945,371
ringointel,pdb_1GHG,3566,3566,600.838133010082,1.0,6,0,0,3550,10
ringointel,pdb_1XBP,10000,10000,251.17929485393688,1.0,5027,0,0,3676,1297
ringointel,pdb_1YND,377,377,600.9974821510259,1.0,0,0,0,364,13
ringointel,csd_ICYSPA,31,31,603.6232201501261,1.0,0,0,0,31,0
ringointel,csd_XAGXIN,10000,10000,215.0848141298629,1.0,3796,0,0,3834,2370
ringointel,csd_FAGFEZ,10000,10000,414.5411921280902,1.0,2,0,0,9764,234
ringointel,csd_YIVNOG,4031,4031,600.7553547148127,1.0,0,0,0,3959,72
ringointel,csd_REMCOC,10006,10000,457.75224315794185,1.0,9197,0,0,417,386
ringointel,pdb_1KHR,10000,10000,259.0688543380238,1.0,409,0,0,7696,1895
ringointel,csd_VOLHOU,10000,10000,306.6313705309294,1.0,45,0,0,9860,95
ringointel,pdb_1E9W,800,800,601.9300547039602,1.0,0,0,0,794,6
ringointel,csd_CTVHVH01,59,59,601.2820543011185,1.0,0,0,0,58,1
ringointel,csd_CGPGAP10,10001,10000,113.38544743717648,1.0,8384,0,0,1578,38
ringointel,csd_QOSNAN,10000,10000,527.2548773901071,1.0,187,0,0,9426,387
ringointel,pdb_2IYA,3495,3495,600.2601325891446,1.0,31,0,0,3403,61
ringointel,pdb_1S22,10000,10000,320.23460749094374,1.0,5,0,0,6427,3568
ringointel,pdb_1NTK,10000,10000,268.744257387938,1.0,106,0,0,8058,1836
ringointel,pdb_2DG4,1278,1278,600.6443995488808,1.0,0,0,0,1214,64
ringointel,pdb_2IYF,1526,1526,600.2720852650236,1.0,2,0,0,1461,63
ringointel,csd_JINWUZ,6770,6770,600.2729854399804,1.0,43,0,0,6161,566
ringointel,pdb_2F3E,5632,5632,600.4835669570602,1.0,0,0,0,5211,421
ringointel,pdb_2F3F,10000,10000,303.60548339411616,1.0,21,0,0,9752,227
ringointel,pdb_1FKD,3196,3196,600.4049002530519,1.0,0,0,0,3110,86
ringointel,pdb_2OTJ,10000,10000,272.5044992980547,1.0,27,0,0,9461,512
ringointel,pdb_1FKL,1645,1645,600.6472018579952,1.0,0,0,0,1613,32
ringointel,pdb_1FKI,10000,10000,247.87721198122017,1.0,27,0,0,6086,3887
ringointel,csd_CLPGDH,3572,3572,600.7104084920138,1.0,4,0,0,3415,153
ringointel,pdb_1FKJ,2995,2995,600.4028088138439,1.0,0,0,0,2875,120
ringointel,csd_GEZBUI,8758,8758,600.2782004261389,1.0,32,0,0,8312,414
ringointel,csd_KAQJER,4006,4006,600.4811704759486,1.0,22,0,0,1855,2129
ringointel,csd_WUBGAB,1605,1605,601.5752585718874,1.0,0,0,0,1443,162
ringointel,csd_ABOJOR,7386,7386,600.5558844401967,1.0,277,0,0,6033,1076
ringointel,pdb_2PH8,6643,6643,600.2114087308291,1.0,4575,0,0,1903,165
ringointel,csd_QUDROW,10000,10000,385.6919878008776,1.0,41,0,0,8974,985
ringointel,csd_RULSUN,4519,4519,600.3819952209014,1.0,0,0,0,4474,45
ringointel,csd_DAFGIA,7912,7911,600.3030661991797,1.0,7659,0,0,249,3
ringointel,csd_CUQRUB,12,12,601.962412355002,1.0,0,0,0,12,0
ringointel,pdb_1XS7,4610,4610,600.494216474006,1.0,0,0,0,4374,236
ringointel,csd_LALWIF,10649,10000,239.00560085987672,1.0,9880,0,0,111,9
ringointel,csd_XAGXOT,8391,8391,600.1802860200405,1.0,666,0,0,5090,2635
ringointel,csd_JOKSAD,10000,10000,99.28591605112888,1.0,867,0,0,3794,5339
ringointel,csd_CAHWEN,3590,3590,600.5769462001044,1.0,4,0,0,3393,193
ringointel,csd_MECBOL,10000,10000,196.68579850182869,1.0,3169,0,0,6074,757
ringointel,csd_DALPUC,5132,5132,600.4234548020177,1.0,88,0,0,4593,451
ringointel,csd_NITFEB,10000,10000,209.29334772285077,1.0,1499,0,0,4233,4268
ringointel,csd_YAGKOG,139,139,602.0790527109057,1.0,0,0,0,129,10
ringointel,pdb_2C6H,10000,10000,283.4227930260822,1.0,3876,0,0,5887,237
ringointel,pdb_2GPL,4950,4950,601.6138949738815,1.0,79,0,0,3568,1303
ringointel,pdb_1PKF,10000,10000,278.5566460469272,1.0,148,0,0,7464,2388
ringointel,pdb_1PPJ,10000,10000,271.3223385880701,1.0,159,0,0,8610,1231
ringointel,pdb_1YXQ,11,11,602.5383484100457,1.0,0,0,0,10,1
ringointel,csd_RASTIO,10000,10000,222.65755272796375,1.0,4939,0,0,4490,571
ringointel,pdb_3K5C,10000,10000,551.1798687661067,1.0,68,0,0,5889,4043
ringointel,csd_MALVAL10,1353,1353,601.7582730920985,1.0,0,0,0,1347,6
ringointel,pdb_2WHW,10000,10000,422.0431459911633,1.0,735,0,0,5926,3339
ringointel,csd_ABOMOT,769,769,612.3291422720067,1.0,0,0,0,748,21
ringointel,csd_DACMAW,6742,6742,600.3452189390082,1.0,0,0,0,6518,224
ringointel,pdb_1YET,10000,10000,312.4581603619736,1.0,428,0,0,9459,113
ringointel,csd_MIWTER,5553,5553,600.2885318140034,1.0,2,0,0,5410,141
ringointel,pdb_7UPJ,8148,8148,600.1991964820772,1.0,4874,0,0,892,2382
ringointel,csd_YUPBAN01,160,160,601.1750146909617,1.0,0,0,0,147,13
ringointel,pdb_1NWX,6649,6649,600.297909101937,1.0,56,0,0,6452,141
ringointel,csd_FEGJAD,5136,5136,600.5182989679743,1.0,368,0,0,4011,757
ringointel,csd_KIVDIC,7488,7488,600.279840049101,1.0,1814,0,0,5123,551
ringointel,csd_XAGYAG,8020,8020,600.1950163028669,1.0,3052,0,0,2491,2477
ringointel,csd_OHUXEU,7836,7836,600.4936806547921,1.0,223,0,0,7116,497
ringointel,csd_CTILIH10,92,92,601.784185128985,1.0,0,0,0,88,4
ringointel,csd_FIVSAE,10000,10000,241.8123830999248,1.0,5553,0,0,4219,228
ringointel,pdb_2Q0R,10000,10000,194.20995958382264,1.0,190,0,0,9028,782
crest,pdb_2QZK,651,558,223.546742758248,9.469233644859813,256,0,0,206,96
crest,csd_RECRAT,396,275,272.4520888417028,9.268000000000008,62,0,0,133,80
crest,pdb_2C6H,3159,2339,739.9287078571506,7.884921409214083,879,0,0,1313,147
crest,csd_YIVNOG,9202,7453,9477.276905804873,11.75523555555575,407,0,0,6587,459
crest,pdb_3M6G,10250,8205,10982.234868521336,11.331102517329683,1070,0,0,6855,280
crest,pdb_1NWX,12635,9611,4035.001262870152,10.882536779324203,2036,0,0,7106,469
crest,pdb_2IYA,5876,4850,3859.2053020237945,10.344909657320988,1175,0,0,3562,113
crest,csd_FINWEE10,14302,11142,10265.84717091173,11.360271715791711,1480,0,0,9350,312
crest,csd_RULSUN,28241,21399,8527.179902864154,10.941485768054845,2739,0,0,17333,1327
crest,csd_MIWTER,19498,14494,4592.504709887318,10.27226911315004,1987,0,0,11410,1097
