Sampling method,testcase,Conformations generated,Unique conformers generated,time,thread_avg,Duplicates after optimization,Incorrect topology after optimization,High-energy conformations (>15 kcal/mol),Low-energy conformations (<15 kcal/mol),"Time per unique
low-energy conformer, s","Time per unique
conformer, s"
RDKit,csd_OHIFAM,1493,1493,600.5948874335736,1.0,4,0,1489,0,inf,0.40335452480428047
RDKit,csd_KAQJAN,4984,4982,600.0756439175457,1.0,1026,0,2361,1595,0.37622297424297535,0.15168747318441497
RDKit,pdb_1NT1,3822,3815,600.1003148499876,1.0,1681,0,2133,1,600.1003148499876,0.28120914472820413
RDKit,pdb_3DV1,2960,2960,600.1723784487695,1.0,0,0,2933,27,22.228606609213685,0.20276093866512482
RDKit,pdb_2VZM,2124,2124,600.0570431370288,1.0,0,0,2055,69,8.696478886043895,0.2825127321737424
RDKit,pdb_3DV5,2362,2362,600.178401876241,1.0,1,0,2330,31,19.360593608911,0.2542051680966713
RDKit,csd_GIHKOX10,560,560,601.591532856226,1.0,0,0,560,0,inf,1.0742705943861177
RDKit,pdb_1QPL,577,577,601.3215754274279,1.0,0,1,573,3,200.44052514247596,1.0439610684503957
RDKit,csd_CHPSAR,4251,4251,600.014386465773,1.0,3840,0,408,3,200.004795488591,1.4598890181648978
RDKit,csd_GAFSEL,6704,6704,600.0593631844968,1.0,499,0,6204,1,600.0593631844968,0.0967057797235289
RDKit,csd_ACICOE,848,848,600.6607994847,1.0,0,0,848,0,inf,0.7083264144866744
RDKit,pdb_1QPF,576,576,600.2075786199421,1.0,0,0,564,12,50.017298218328506,1.0420270462151773
RDKit,csd_PAPGAP,3922,3844,600.1123540755361,1.0,1921,0,1922,1,600.1123540755361,0.312070906955557
RDKit,csd_BIDPIN10,2007,2006,603.4042095113546,1.0,15,1,1959,31,19.464651919721113,0.30321819573434905
RDKit,csd_VAKPIH,1232,1232,600.6462703160942,1.0,21,0,295,916,0.6557273693407142,0.4959919655789382
RDKit,csd_VALINM30,367,367,600.0437403060496,1.0,0,0,367,0,inf,1.6349965675914158
RDKit,csd_CYVIHV10,1284,1284,600.3152607027441,1.0,0,0,1278,6,100.05254345045735,0.4675352497684923
RDKit,pdb_1ESV,5386,5334,600.1234542168677,1.0,735,3,3582,1014,0.5918377260521378,0.13057516410288678
RDKit,pdb_1TPS,502,502,600.5295317266136,1.0,0,0,498,4,150.1323829316534,1.1962739675828957
RDKit,pdb_3ABA,1484,1484,600.133653704077,1.0,0,2,1481,1,600.133653704077,0.4049484842807537
RDKit,pdb_1NSG,564,564,600.4824765753001,1.0,0,0,562,2,300.24123828765005,1.0646852421547874
RDKit,csd_COHVAW,3534,3520,600.1251755375415,1.0,180,0,1900,1440,0.4167535941232927,0.179678196268725
RDKit,csd_CALSAR,9000,7594,600.074531763792,1.0,7187,0,394,13,46.15957936644554,1.474384598928236
RDKit,csd_DEKSAN,228,228,600.3373688030988,1.0,0,0,228,0,inf,2.6330586351013103
RDKit,csd_ZAJDUJ,210,210,602.1149410437793,1.0,0,0,210,0,inf,2.8672140049703776
RDKit,pdb_2QZK,2819,2815,600.088559102267,1.0,2096,0,569,150,4.000590394015114,0.8346155203091336
RDKit,pdb_1WUA,338,338,604.1967900022864,1.0,0,0,333,5,120.83935800045728,1.7875644674623858
RDKit,pdb_1SKX,1219,1219,600.2342105843127,1.0,0,0,1206,13,46.17186235263944,0.49239886020042056
RDKit,pdb_1KEG,747,747,600.520946148783,1.0,0,0,723,24,25.021706089532625,0.803910235808277
RDKit,csd_CIYKUR,1304,1304,600.4217353705317,1.0,225,0,1059,20,30.021086768526583,0.5564612932071656
RDKit,pdb_2C7X,2118,2118,600.2570001557469,1.0,1,1,2060,56,10.718875002781195,0.28367533088645885
RDKit,pdb_3EKS,2836,2829,600.3015280198306,1.0,96,0,2227,506,1.1863666561656732,0.21964929675076128
RDKit,pdb_1BXO,1907,1907,600.3359353188425,1.0,22,0,1884,1,600.3359353188425,0.31848060229116315
RDKit,csd_AAGGAG10,8243,8222,600.0390476882458,1.0,5105,0,3117,0,inf,0.19250530885089695
RDKit,csd_IDIMAJ,1250,1250,600.091484323144,1.0,6,0,1243,1,600.091484323144,0.482388652992881
RDKit,pdb_1MRL,1438,1438,600.3672927562147,1.0,0,0,1427,11,54.578844796019524,0.41750159440626894
RDKit,pdb_2WEA,3457,3431,600.1701925117522,1.0,1115,0,2279,37,16.220816013831143,0.2591408430534336
RDKit,csd_FIXYEQ,2658,2658,600.0797038860619,1.0,21,0,2625,12,50.00664199050516,0.2275615107645286
RDKit,csd_CAMVES01,3712,3711,600.1678154878318,1.0,685,0,3026,0,inf,0.19833701767608455
RDKit,pdb_3BXR,1201,1201,600.1507300697267,1.0,0,0,1171,30,20.005024335657556,0.49970918407137943
RDKit,csd_VUHHEM,3236,3235,600.2360754068941,1.0,134,0,3087,14,42.87400538620672,0.19356210106639604
RDKit,csd_QUDRIQ,3607,3607,600.1365439482033,1.0,104,0,3503,0,inf,0.17132073763865352
RDKit,csd_YUYYEW,7680,7660,600.0717213284224,1.0,2784,0,4667,209,2.8711565613800114,0.12306639075644431
RDKit,csd_MUCYIT,4860,4110,600.1193449441344,1.0,2236,0,1864,10,60.01193449441344,0.3202344423394527
RDKit,pdb_1PFE,554,554,601.007200403139,1.0,0,0,553,1,601.007200403139,1.0848505422439332
RDKit,pdb_1A7X,620,620,600.036436419934,1.0,0,0,616,4,150.0091091049835,0.9678007039031195
RDKit,csd_HEBLIJ,1158,1158,600.5270502865314,1.0,0,0,1158,0,inf,0.5185898534426006
RDKit,csd_HIKPAS01,11343,5243,600.0557596962899,1.0,4184,4,481,574,1.045393309575418,0.5687732319396113
RDKit,csd_FINWEE10,885,885,600.5041939839721,1.0,0,1,884,0,inf,0.6793033868596969
RDKit,pdb_1JFF,296,296,602.1465402394533,1.0,1,0,252,43,14.003407912545425,2.041174712676113
RDKit,csd_CIYLAY,1237,1237,600.0869295764714,1.0,32,0,1165,40,15.002173239411785,0.4979974519306817
RDKit,pdb_3M6G,852,852,600.4009682480246,1.0,0,0,850,2,300.2004841240123,0.7046959721220946
RDKit,csd_WENFOL,1474,1474,600.3565959390253,1.0,3,0,1471,0,inf,0.408128209339922
RDKit,csd_POXTRD10,24455,20847,600.0492775626481,1.0,19489,0,1311,47,12.767005905588256,0.44186250188707515
RDKit,csd_HAXMOI10,464,464,600.316293803975,1.0,0,0,464,0,inf,1.2937851159568425
RDKit,pdb_3KEE,1603,1603,600.2065059039742,1.0,12,0,1457,134,4.479153029134135,0.3772511036480039
RDKit,pdb_1OSF,1614,1614,600.3724878653884,1.0,7,0,1576,31,19.366854447270594,0.3735983122995572
RDKit,pdb_1QZ5,594,594,600.2705039735883,1.0,0,0,558,36,16.674180665933008,1.01055640399594
RDKit,csd_QEKNID,501,501,600.806033147499,1.0,0,0,500,1,600.806033147499,1.199213639016964
RDKit,pdb_2XBK,1726,1726,600.3562383875251,1.0,0,0,1726,0,inf,0.3478309608270713
RDKit,pdb_1QZ6,885,885,600.1864207368344,1.0,0,0,872,13,46.168186210525725,0.6781767465952931
RDKit,pdb_1NMK,1269,1269,600.5314783044159,1.0,0,0,1268,1,600.5314783044159,0.473232055401431
RDKit,csd_BIHYAS10,1624,1624,600.1084395926446,1.0,1,0,1623,0,inf,0.3697525813879511
RDKit,pdb_2VYP,163,163,602.3969513457268,1.0,0,0,163,0,inf,3.6956868180719438
RDKit,csd_CAZVEF,14840,12789,600.5722998697311,1.0,12413,0,370,6,100.09538331162184,1.597266754972689
RDKit,csd_OHIDUE,1656,1656,600.1731757298112,1.0,0,0,1656,0,inf,0.3624234152957797
RDKit,csd_RUQVAB,4064,3913,600.1674808859825,1.0,1441,0,2454,18,33.34263782699903,0.2427861977694104
RDKit,pdb_1EHL,4665,4654,600.0453278589994,1.0,396,0,4221,37,16.21744129348647,0.14092187126796604
RDKit,pdb_3I6O,1834,1834,600.1574840862304,1.0,5,0,1270,559,1.0736269840540795,0.328134217652395
RDKit,csd_WUMKIY,3597,3597,600.1075867209584,1.0,11,0,2844,742,0.8087703325080301,0.16734734710567717
RDKit,pdb_2ASP,557,557,600.9790736883879,1.0,0,0,532,25,24.039162947535516,1.078957044323856
RDKit,csd_DIGTOC,1069,1069,600.4587450828403,1.0,0,0,753,316,1.9001859021608871,0.5617013518080827
RDKit,pdb_1BZL,1504,1504,600.2992718070745,1.0,0,0,1503,1,600.2992718070745,0.39913515412704426
RDKit,pdb_2ASO,465,465,600.8524055052549,1.0,0,0,460,5,120.17048110105097,1.292155710763989
RDKit,pdb_2ASM,474,474,600.649385124445,1.0,0,0,465,9,66.73882056938277,1.267192795621192
RDKit,csd_TERDAW,1479,1479,600.663730500266,1.0,0,0,1479,0,inf,0.4061282829616403
RDKit,csd_VOKBIG,279,279,601.3147752396762,1.0,0,0,279,0,inf,2.1552500904647895
RDKit,csd_YAGVEH,1234,1234,600.4473461359739,1.0,0,0,1234,0,inf,0.48658618001294485
RDKit,csd_RECRAT,4041,3698,600.0392937567085,1.0,2681,0,1013,4,150.00982343917713,0.5900091384038432
RDKit,csd_NUCZUH,935,935,600.0483670402318,1.0,0,0,935,0,inf,0.6417629594013174
RDKit,csd_XACJAM,1349,1349,600.3795791175216,1.0,3,0,1344,2,300.1897895587608,0.4460472355999418
RDKit,pdb_1GHG,497,497,600.1246583517641,1.0,0,0,494,3,200.04155278392136,1.2074942823979156
RDKit,pdb_1XBP,2451,2451,600.0811053942889,1.0,16,0,2235,200,3.0004055269714445,0.2464398790120283
RDKit,pdb_1YND,330,330,600.1137016136199,1.0,0,0,330,0,inf,1.818526368526121
RDKit,csd_ICYSPA,229,229,602.1322579495609,1.0,0,0,229,0,inf,2.6293985063299603
RDKit,csd_XAGXIN,7585,7425,600.0360075291246,1.0,3956,0,3409,60,10.00060012548541,0.17297088715166464
RDKit,csd_FAGFEZ,1661,1661,600.3006293345243,1.0,0,0,1661,0,inf,0.36140916877454804
RDKit,csd_YIVNOG,1071,1071,600.3655014690012,1.0,0,0,1071,0,inf,0.5605653608487406
RDKit,csd_REMCOC,4365,2656,600.1145706083626,1.0,2180,0,261,215,2.791230560969128,1.2607448962360557
RDKit,pdb_1KHR,3299,3261,600.1144014429301,1.0,380,0,2866,15,40.00762676286201,0.20830072941441516
RDKit,csd_VOLHOU,3331,3331,600.0186091326177,1.0,122,0,3205,4,150.00465228315443,0.18697993428875592
RDKit,pdb_1E9W,215,215,600.8412944469601,1.0,0,0,215,0,inf,2.794610671846326
RDKit,csd_CTVHVH01,275,275,600.7179186455905,1.0,0,0,275,0,inf,2.184428795074875
RDKit,csd_CGPGAP10,7697,6887,600.5571920592338,1.0,5724,0,1162,1,600.5571920592338,0.5163862356485244
RDKit,csd_QOSNAN,1778,1778,600.2758899852633,1.0,0,0,1778,0,inf,0.33761298649339894
RDKit,pdb_2IYA,1156,1156,600.2604642212391,1.0,0,0,1152,4,150.06511605530977,0.5192564569387882
RDKit,pdb_1S22,1661,1661,600.1691455114633,1.0,0,0,1301,360,1.6671365153096203,0.3613300093386293
RDKit,pdb_1NTK,3478,3478,600.1559508163482,1.0,69,0,2177,1232,0.4871395704678151,0.17605044025120217
RDKit,pdb_2DG4,497,497,601.1794528923929,1.0,0,0,495,2,300.58972644619644,1.2096166054172894
RDKit,pdb_2IYF,941,941,600.2138271722943,1.0,0,0,930,11,54.56489337929948,0.6378467876432458
RDKit,csd_JINWUZ,1886,1886,600.1706070266664,1.0,0,0,1886,0,inf,0.31822407583598433
RDKit,pdb_2F3E,1553,1553,600.1346487943083,1.0,0,0,1527,26,23.082101876704165,0.38643570431056556
RDKit,pdb_2F3F,2938,2938,600.0872236397117,1.0,0,0,2925,13,46.16055566459321,0.20425024630350977
RDKit,pdb_1FKD,877,877,600.1144166365266,1.0,0,0,867,10,60.01144166365266,0.684280976780532
RDKit,pdb_2OTJ,1928,1928,600.2990222126245,1.0,0,2,1863,63,9.528555908136898,0.3116817353128892
RDKit,pdb_1FKL,499,499,600.3644060436636,1.0,0,0,499,0,inf,1.203135082251831
RDKit,pdb_1FKI,3828,3828,600.1530743408948,1.0,58,0,3536,234,2.564756727952542,0.15919179690739915
RDKit,csd_CLPGDH,1793,1793,600.3799701500684,1.0,7,0,1786,0,inf,0.3361589978443832
RDKit,pdb_1FKJ,889,889,600.5832176245749,1.0,0,0,872,17,35.32842456615146,0.6755716733684757
RDKit,csd_GEZBUI,1759,1759,600.2243132200092,1.0,0,0,1758,1,600.2243132200092,0.3412304225241667
RDKit,csd_KAQJER,3326,3326,600.115948503837,1.0,195,0,913,2218,0.2705662527068697,0.19166909885143307
RDKit,csd_WUBGAB,986,986,600.0925933476537,1.0,0,0,985,1,600.0925933476537,0.608613177837377
RDKit,csd_ABOJOR,3115,2975,600.0375019349158,1.0,1167,0,1808,0,inf,0.3318791493002853
RDKit,pdb_2PH8,4200,3812,600.984476774931,1.0,2187,0,1422,203,2.960514663915916,0.3698366010922652
RDKit,csd_QUDROW,2647,2647,600.086927479133,1.0,2,0,2645,0,inf,0.22687596502046617
RDKit,csd_RULSUN,932,932,600.0265108607709,1.0,0,0,930,2,300.01325543038547,0.6438052691639173
RDKit,csd_DAFGIA,3533,917,600.1626420263201,1.0,672,0,243,2,300.08132101316005,2.449643436842123
RDKit,csd_CUQRUB,208,208,602.5439338684082,1.0,0,0,208,0,inf,2.8968458359058085
RDKit,pdb_1XS7,1046,1046,600.340839734301,1.0,0,0,1039,7,85.76297710490014,0.5739396173368078
RDKit,csd_LALWIF,6280,552,600.0965126920491,1.0,474,0,73,5,120.01930253840983,7.69354503451345
RDKit,csd_XAGXOT,3138,3105,601.7341460101306,1.0,322,0,2761,22,27.351552091369573,0.21621780309383062
RDKit,csd_JOKSAD,9404,9325,600.0752653777599,1.0,1270,0,4370,3685,0.16284267717171233,0.07449723964962879
RDKit,csd_CAHWEN,1797,1797,600.1936482489109,1.0,3,0,1794,0,inf,0.3345561027028489
RDKit,csd_MECBOL,13652,13453,600.0464904569089,1.0,10021,0,3423,9,66.67183227298989,0.17483872099560283
RDKit,csd_DALPUC,2331,2330,600.1039524264634,1.0,203,0,2127,0,inf,0.28213631989960664
RDKit,csd_NITFEB,4824,4810,600.047233812511,1.0,221,1,4189,399,1.5038777789787243,0.13078623230438338
RDKit,csd_YAGKOG,305,305,601.7070803120732,1.0,0,0,305,0,inf,1.9728100993838467
RDKit,pdb_2C6H,2854,2854,600.1491231918335,1.0,11,0,2797,46,13.046720069387685,0.21109712388034946
RDKit,pdb_2GPL,1996,1996,600.2932790424675,1.0,142,0,1485,369,1.62681105431563,0.32378278265505256
RDKit,pdb_1PKF,4474,4474,600.0731990672648,1.0,2,0,3400,1072,0.5597697752493141,0.13418452573060483
RDKit,pdb_1PPJ,3500,3496,600.1286553889513,1.0,97,0,2738,661,0.9079102199530277,0.17656035757250702
RDKit,pdb_1YXQ,151,151,600.2639256287366,1.0,0,0,144,7,85.7519893755338,3.9752577856207725
RDKit,csd_RASTIO,8687,8647,600.0274952724576,1.0,4223,0,4419,5,120.00549905449152,0.13563008482650488
RDKit,pdb_3K5C,2451,2451,600.310510341078,1.0,11,0,1739,701,0.8563630675336349,0.2460288976807697
RDKit,csd_MALVAL10,938,938,600.5801345594227,1.0,0,0,938,0,inf,0.6402773289546084
RDKit,pdb_2WHW,4541,4541,600.1110189203173,1.0,61,0,2680,1800,0.3333950105112874,0.1339533524375708
RDKit,csd_ABOMOT,522,522,600.9975764844567,1.0,0,0,522,0,inf,1.1513363534184993
RDKit,csd_DACMAW,1797,1797,600.0927806049585,1.0,0,0,1796,1,600.0927806049585,0.33394144719252006
RDKit,pdb_1YET,2085,2079,600.1957723330706,1.0,90,0,1982,7,85.74225319043866,0.30175755270642063
RDKit,csd_MIWTER,1235,1235,600.9806477613747,1.0,0,0,1235,0,inf,0.4866240062845139
RDKit,pdb_7UPJ,5001,4085,600.0737835429609,1.0,2349,0,610,1126,0.5329252074093791,0.3456646218565443
RDKit,csd_YUPBAN01,309,309,600.3506365604699,1.0,0,0,309,0,inf,1.942882318965922
RDKit,pdb_1NWX,987,987,600.4938385244459,1.0,0,0,981,6,100.08230642074098,0.6084030785455379
RDKit,csd_FEGJAD,2036,2036,600.1690194886178,1.0,68,0,1963,5,120.03380389772356,0.3049639326669806
RDKit,csd_KIVDIC,2315,2315,600.1473008990288,1.0,112,0,2202,1,600.1473008990288,0.27242274212393497
RDKit,csd_XAGYAG,4091,3942,600.4284208789468,1.0,1066,0,2761,115,5.2211167032951895,0.20877205176597594
RDKit,csd_OHUXEU,982,982,600.447317654267,1.0,2,1,974,5,120.0894635308534,0.6133271886151859
RDKit,csd_CTILIH10,290,290,601.0306967329234,1.0,0,0,290,0,inf,2.0725196439066322
RDKit,csd_FIVSAE,5870,5557,600.040474044159,1.0,3933,0,1623,1,600.040474044159,0.36948305051980235
RDKit,pdb_2Q0R,728,728,600.2507264968008,1.0,0,0,718,10,60.02507264968008,0.8245202287043967
XTB metadynamics,csd_OHIFAM,104,104,603.7154829148203,1.0,1,0,82,21,28.748356329277158,5.861315368105052
XTB metadynamics,csd_KAQJAN,203,203,602.482719508931,1.0,1,0,70,132,4.564263026582811,2.9825877203412428
XTB metadynamics,pdb_1NT1,190,190,602.3918526191264,1.0,6,0,140,44,13.690723923161965,3.2738687642343827
XTB metadynamics,pdb_3DV1,154,154,602.3400166835636,1.0,0,0,100,54,11.154444753399325,3.91129880963353
XTB metadynamics,pdb_2VZM,135,135,602.6093381084502,1.0,7,0,92,36,16.739148280790282,4.707885453972267
XTB metadynamics,pdb_3DV5,139,139,602.6441652085632,1.0,0,0,125,14,43.04601180061166,4.335569533874556
XTB metadynamics,csd_GIHKOX10,57,57,605.8904166836292,1.0,0,0,53,4,151.4726041709073,10.629656433046126
XTB metadynamics,pdb_1QPL,63,63,605.5770981237292,1.0,0,0,47,16,37.84856863273308,9.612334890852845
XTB metadynamics,csd_CHPSAR,196,196,602.4908499475569,1.0,18,0,108,70,8.607012142107955,3.384780055885151
XTB metadynamics,csd_GAFSEL,232,232,602.327710269019,1.0,0,0,215,17,35.43104178053053,2.5962401304699094
XTB metadynamics,csd_ACICOE,70,70,604.0625363327563,1.0,0,0,66,4,151.01563408318907,8.629464804753662
XTB metadynamics,pdb_1QPF,61,61,605.1125508304685,1.0,0,0,49,12,50.426045902539045,9.919877882466697
XTB metadynamics,csd_PAPGAP,199,199,602.516749067232,1.0,41,0,113,45,13.389261090382934,3.8133971459951392
XTB metadynamics,csd_BIDPIN10,162,162,602.7897447627038,1.0,6,0,64,92,6.552062443072868,3.8640368254019473
XTB metadynamics,csd_VAKPIH,96,96,603.4541102126241,1.0,1,0,17,78,7.7365911565721035,6.352148528553937
XTB metadynamics,csd_VALINM30,50,50,606.3747744038701,1.0,0,0,17,33,18.37499316375364,12.127495488077402
XTB metadynamics,csd_CYVIHV10,88,88,603.1263638287783,1.0,0,0,57,31,19.45568915576704,6.85370867987248
XTB metadynamics,pdb_1ESV,241,241,602.2696099579334,1.0,4,0,95,142,4.241335281393897,2.5412219829448666
XTB metadynamics,pdb_1TPS,56,56,605.2299865502864,1.0,0,0,43,13,46.556152811560494,10.807678331255115
XTB metadynamics,pdb_3ABA,106,106,603.0622236058116,1.0,0,0,95,11,54.823838509619236,5.689266260432185
XTB metadynamics,pdb_1NSG,57,57,604.5952772442251,1.0,0,0,47,10,60.459527724422514,10.606934688495178
XTB metadynamics,csd_COHVAW,198,198,602.8820550385863,1.0,10,0,63,125,4.82305644030869,3.206819441694608
XTB metadynamics,csd_CALSAR,326,326,602.1249816827476,1.0,117,0,140,69,8.726449009894893,2.8809807736016633
XTB metadynamics,csd_DEKSAN,35,35,606.6474983468652,1.0,0,0,25,10,60.66474983468652,17.33278566705329
XTB metadynamics,csd_ZAJDUJ,33,33,607.1495070103556,1.0,0,0,15,18,33.73052816724198,18.398469909404714
XTB metadynamics,pdb_2QZK,159,159,602.9561953041703,1.0,39,0,90,30,20.09853984347234,5.024634960868085
XTB metadynamics,pdb_1WUA,42,42,606.1345663946122,1.0,0,0,40,2,303.0672831973061,14.431775390347909
XTB metadynamics,pdb_1SKX,105,105,603.3304255492985,1.0,9,0,73,23,26.231757632578198,6.284691932805193
XTB metadynamics,pdb_1KEG,67,67,604.5470116790384,1.0,0,0,61,6,100.75783527983974,9.023089726552811
XTB metadynamics,csd_CIYKUR,110,110,603.0510398931801,1.0,0,0,104,6,100.50850664886336,5.4822821808470925
XTB metadynamics,pdb_2C7X,137,137,602.8827842827886,1.0,4,0,97,36,16.74674400785524,4.532953265284125
XTB metadynamics,pdb_3EKS,163,163,602.6058125384152,1.0,58,0,36,69,8.73341757302051,5.739102976556335
XTB metadynamics,pdb_1BXO,117,117,602.8877054322511,1.0,1,0,98,18,33.49376141290284,5.197307805450441
XTB metadynamics,csd_AAGGAG10,292,292,602.2080117240548,1.0,24,0,192,76,7.923789627948089,2.2470448198658763
XTB metadynamics,csd_IDIMAJ,89,89,604.1761715058237,1.0,3,0,79,7,86.3108816436891,7.0253043198351595
XTB metadynamics,pdb_1MRL,94,94,603.3462422322482,1.0,0,0,92,2,301.6731211161241,6.418577045023917
XTB metadynamics,pdb_2WEA,161,161,602.7391383778304,1.0,6,0,115,40,15.06847845944576,3.8886396024376153
XTB metadynamics,csd_FIXYEQ,156,156,602.5359564460814,1.0,2,0,99,55,10.955199208110571,3.9125711457537755
XTB metadynamics,csd_CAMVES01,196,196,602.4872493315488,1.0,20,0,140,36,16.735756925876355,3.423223007565618
XTB metadynamics,pdb_3BXR,104,104,603.1843197066337,1.0,0,0,33,71,8.495553798684982,5.799849227948401
XTB metadynamics,csd_VUHHEM,151,151,602.7290208023041,1.0,2,0,59,90,6.696989120025601,4.045161213438283
XTB metadynamics,csd_QUDRIQ,162,162,602.4346983544528,1.0,0,0,137,25,24.097387934178116,3.7187327058916844
XTB metadynamics,csd_YUYYEW,285,285,602.0988491792232,1.0,1,0,113,171,3.521045901632884,2.1200663703493774
XTB metadynamics,csd_MUCYIT,202,202,602.4159312620759,1.0,14,0,95,93,6.477590658731999,3.204340059904659
XTB metadynamics,pdb_1PFE,60,60,607.3369443472475,1.0,0,0,58,2,303.66847217362374,10.122282405787457
XTB metadynamics,pdb_1A7X,64,64,605.3383469283581,1.0,0,0,60,4,151.33458673208952,9.458411670755595
XTB metadynamics,csd_HEBLIJ,92,92,603.2736260760576,1.0,0,0,77,15,40.21824173840384,6.557322022565843
XTB metadynamics,csd_HIKPAS01,372,372,602.042781189084,1.0,221,0,59,92,6.543943273794392,3.9870382860204243
XTB metadynamics,csd_FINWEE10,72,72,603.9393205270171,1.0,0,0,71,1,603.9393205270171,8.388046118430793
XTB metadynamics,pdb_1JFF,78,78,604.1184113826603,1.0,9,0,59,10,60.41184113826603,8.755339295400873
XTB metadynamics,csd_CIYLAY,109,109,603.059308513999,1.0,0,0,87,22,27.411786750636317,5.53265420655045
XTB metadynamics,pdb_3M6G,79,79,603.5455487705767,1.0,0,0,77,2,301.77277438528836,7.639817073045275
XTB metadynamics,csd_WENFOL,81,81,603.9497695304453,1.0,0,0,78,3,201.31658984348178,7.456169994203029
XTB metadynamics,csd_POXTRD10,564,564,601.9782560430467,1.0,119,0,283,162,3.7159151607595478,1.3527601259394308
XTB metadynamics,csd_HAXMOI10,53,53,605.7590698953718,1.0,0,0,45,8,75.71988373692147,11.429416413120222
XTB metadynamics,pdb_3KEE,109,109,603.5116969570518,1.0,1,0,72,36,16.764213804362548,5.588071268120849
XTB metadynamics,pdb_1OSF,112,112,602.8357883580029,1.0,0,0,94,18,33.49087713100016,5.382462396053597
XTB metadynamics,pdb_1QZ5,65,65,604.3705956153572,1.0,0,0,51,14,43.169328258239794,9.298009163313187
XTB metadynamics,csd_QEKNID,61,61,604.4158795773983,1.0,0,0,43,18,33.578659976522125,9.908457042252431
XTB metadynamics,pdb_2XBK,112,112,603.3580357842147,1.0,0,0,107,5,120.67160715684295,5.3871253195019175
XTB metadynamics,pdb_1QZ6,80,80,603.7515378948301,1.0,0,0,71,9,67.08350421053667,7.546894223685376
XTB metadynamics,pdb_1NMK,88,88,603.5385001786053,1.0,0,0,71,17,35.502264716388545,6.858392047484151
XTB metadynamics,csd_BIHYAS10,122,122,602.9202701132745,1.0,0,0,97,25,24.116810804530978,4.9419694271579875
XTB metadynamics,pdb_2VYP,28,28,608.9500545077026,1.0,0,0,19,9,67.6611171675225,21.74821623241795
XTB metadynamics,csd_CAZVEF,426,426,602.0182573590428,1.0,102,0,159,165,3.648595499145714,1.8580810412316136
XTB metadynamics,csd_OHIDUE,109,109,603.3262525554746,1.0,1,0,86,22,27.42392057070339,5.586354190328469
XTB metadynamics,csd_RUQVAB,174,174,602.5639638565481,1.0,36,0,108,30,20.085465461884937,4.366405535192377
XTB metadynamics,pdb_1EHL,198,198,602.4395654071122,1.0,72,0,123,3,200.8131884690374,4.781266392119939
XTB metadynamics,pdb_3I6O,130,130,602.9643847215921,1.0,0,0,66,64,9.421318511274876,4.638187574781478
XTB metadynamics,csd_WUMKIY,154,154,602.6344866268337,1.0,3,0,34,117,5.150722107921656,3.9909568650783687
XTB metadynamics,pdb_2ASP,59,59,604.639907727018,1.0,0,0,48,11,54.96726433881982,10.248134029271492
XTB metadynamics,csd_DIGTOC,78,78,603.3117304425687,1.0,0,0,28,50,12.066234608851373,7.7347657749047265
XTB metadynamics,pdb_1BZL,104,104,603.2257427666336,1.0,0,0,100,4,150.8064356916584,5.800247526602247
XTB metadynamics,pdb_2ASO,54,54,605.6846499890089,1.0,0,0,40,14,43.263189284929204,11.216382407203868
XTB metadynamics,pdb_2ASM,56,56,604.8276763558388,1.0,0,0,35,21,28.80131792170661,10.800494220639978
XTB metadynamics,csd_TERDAW,99,99,603.2216117680073,1.0,0,0,62,37,16.303286804540736,6.093147593616235
XTB metadynamics,csd_VOKBIG,39,39,607.0601066146046,1.0,0,0,21,18,33.72556147858914,15.565643759348836
XTB metadynamics,csd_YAGVEH,99,99,603.3174776248634,1.0,0,0,88,11,54.84704342044213,6.09411593560468
XTB metadynamics,csd_RECRAT,162,162,602.9334458056837,1.0,13,0,79,70,8.613334940081197,4.046533193326736
XTB metadynamics,csd_NUCZUH,74,74,603.9390231594443,1.0,0,0,57,17,35.52582489173202,8.161338150803301
XTB metadynamics,csd_XACJAM,90,90,604.0797231774777,1.0,1,0,54,35,17.25942066221365,6.78741261997166
XTB metadynamics,pdb_1GHG,60,60,605.6723704114556,1.0,0,0,60,0,inf,10.094539506857593
XTB metadynamics,pdb_1XBP,135,135,602.645912995562,1.0,1,0,74,60,10.044098549926032,4.497357559668373
XTB metadynamics,pdb_1YND,50,50,605.7100708819926,1.0,0,0,46,4,151.42751772049814,12.114201417639851
XTB metadynamics,csd_ICYSPA,35,35,607.491469450295,1.0,0,0,24,11,55.22649722275409,17.356899127151284
XTB metadynamics,csd_XAGXIN,287,287,602.0982469301671,1.0,12,0,70,205,2.937064619171547,2.189448170655153
XTB metadynamics,csd_FAGFEZ,113,113,603.3906561080366,1.0,0,0,92,21,28.73288838609698,5.339740319540147
XTB metadynamics,csd_YIVNOG,81,81,603.8201328460127,1.0,0,0,76,5,120.76402656920254,7.454569541308799
XTB metadynamics,csd_REMCOC,210,210,602.414997112006,1.0,26,0,18,166,3.629006006698831,3.2739945495217713
XTB metadynamics,pdb_1KHR,179,179,602.6987781170756,1.0,0,0,146,33,18.26359933688108,3.3670322799836625
XTB metadynamics,csd_VOLHOU,146,146,602.7834462281317,1.0,0,0,144,2,301.3917231140658,4.128653741288573
XTB metadynamics,pdb_1E9W,30,30,611.7199846152216,1.0,0,0,26,4,152.9299961538054,20.39066615384072
XTB metadynamics,csd_CTVHVH01,37,37,606.3802664484829,1.0,0,0,20,17,35.66942743814605,16.388655849958997
XTB metadynamics,csd_CGPGAP10,292,292,602.1443405710161,1.0,83,0,175,34,17.710127663853413,2.8810733998613207
XTB metadynamics,csd_QOSNAN,102,102,603.8695690892637,1.0,0,0,87,15,40.25797127261758,5.920289893031997
XTB metadynamics,pdb_2IYA,92,92,603.2110259812325,1.0,0,0,89,3,201.07034199374417,6.556641586752527
XTB metadynamics,pdb_1S22,104,104,603.0959958732128,1.0,0,0,57,47,12.83182969943006,5.798999960319354
XTB metadynamics,pdb_1NTK,158,158,602.5094890315086,1.0,0,0,69,89,6.769769539679872,3.813351196401953
XTB metadynamics,pdb_2DG4,62,62,605.1499080248177,1.0,0,0,47,15,40.34332720165451,9.76048238749706
XTB metadynamics,pdb_2IYF,77,77,603.3347161393613,1.0,0,0,57,20,30.166735806968063,7.835515794017679
XTB metadynamics,csd_JINWUZ,122,122,603.1192067973316,1.0,1,0,90,31,19.45545828378489,4.984456254523401
XTB metadynamics,pdb_2F3E,103,103,603.03527812846,1.0,0,0,79,24,25.12646992201917,5.854711438140389
XTB metadynamics,pdb_2F3F,155,155,602.4719232469797,1.0,0,0,148,7,86.06741760671139,3.886915633851482
XTB metadynamics,pdb_1FKD,73,73,603.9481713734567,1.0,0,0,67,6,100.65802856224279,8.273262621554201
XTB metadynamics,pdb_2OTJ,126,126,602.8483941722661,1.0,0,0,104,22,27.402199735103007,4.784511064859255
XTB metadynamics,pdb_1FKL,62,62,604.5422999337316,1.0,0,0,55,7,86.36318570481879,9.75068225699567
XTB metadynamics,pdb_1FKI,191,191,602.4049580190331,1.0,0,0,52,139,4.333848618841965,3.1539526597855136
XTB metadynamics,csd_CLPGDH,112,112,603.1874298360199,1.0,0,0,81,31,19.457659026968383,5.385602052107321
XTB metadynamics,pdb_1FKJ,71,71,604.8288756590337,1.0,0,0,48,23,26.29690763734929,8.518716558577939
XTB metadynamics,csd_GEZBUI,111,111,602.7580910678953,1.0,1,0,101,9,66.97312122976615,5.479619009708139
XTB metadynamics,csd_KAQJER,157,157,602.6295839399099,1.0,1,0,34,122,4.939586753605819,3.8630101534609613
XTB metadynamics,csd_WUBGAB,83,83,603.8639362696558,1.0,0,0,49,34,17.760704007931054,7.2754691116826
XTB metadynamics,csd_ABOJOR,151,151,603.1938882898539,1.0,0,0,96,55,10.967161605270071,3.9946615118533373
XTB metadynamics,pdb_2PH8,200,200,602.3740558791906,1.0,29,0,143,28,21.51335913854252,3.522655297539126
XTB metadynamics,csd_QUDROW,134,134,602.7376689668745,1.0,0,0,119,15,40.1825112644583,4.498042305722944
XTB metadynamics,csd_RULSUN,73,73,603.735896827653,1.0,1,0,71,1,603.735896827653,8.385220789272958
XTB metadynamics,csd_DAFGIA,165,165,602.7527606021613,1.0,69,0,81,15,40.18351737347742,6.2786745896058465
XTB metadynamics,csd_CUQRUB,33,33,607.5448570847511,1.0,0,0,23,10,60.754485708475116,18.41045021468943
XTB metadynamics,pdb_1XS7,88,88,603.8000747282058,1.0,0,0,65,23,26.252177162095904,6.861364485547793
XTB metadynamics,csd_LALWIF,248,248,602.309492925182,1.0,178,0,57,13,46.33149945578323,8.6044213275026
XTB metadynamics,csd_XAGXOT,201,201,602.2329046390951,1.0,1,0,89,111,5.425521663415271,3.0111645231954753
XTB metadynamics,csd_JOKSAD,336,336,602.0164110474288,1.0,5,0,66,265,2.271760041688411,1.818780698028486
XTB metadynamics,csd_CAHWEN,108,108,603.1918661314994,1.0,0,0,92,16,37.69949163321871,5.5851098715879575
XTB metadynamics,csd_MECBOL,359,359,602.0200857613236,1.0,12,0,227,120,5.01683404801103,1.7349282010412783
XTB metadynamics,csd_DALPUC,126,126,603.1445596627891,1.0,0,0,73,53,11.380086031373379,4.78686158462531
XTB metadynamics,csd_NITFEB,260,260,602.1856433358043,1.0,3,0,82,175,3.441060819061739,2.3431347989720015
XTB metadynamics,csd_YAGKOG,46,46,606.156634343788,1.0,0,0,27,19,31.902980754936213,13.177318137908435
XTB metadynamics,pdb_2C6H,164,164,602.4093757923692,1.0,8,0,143,13,46.33918275325917,3.8615985627715976
XTB metadynamics,pdb_2GPL,119,119,603.5183649491519,1.0,0,0,46,73,8.26737486231715,5.071582898732369
XTB metadynamics,pdb_1PKF,167,167,602.5117066111416,1.0,0,0,52,115,5.239232231401231,3.607854530605638
XTB metadynamics,pdb_1PPJ,165,165,602.60243980214,1.0,0,0,122,43,14.014010227956744,3.6521359988008486
XTB metadynamics,pdb_1YXQ,28,28,608.217072673142,1.0,0,0,11,17,35.777474863125995,21.72203830975507
XTB metadynamics,csd_RASTIO,311,311,602.1972678247839,1.0,81,0,111,119,5.060481242225075,2.6182489905425386
XTB metadynamics,pdb_3K5C,126,126,602.8060417808592,1.0,0,0,55,71,8.490225940575483,4.784174934768724
XTB metadynamics,csd_MALVAL10,80,80,603.7349662594497,1.0,0,0,63,17,35.51382154467351,7.546687078243122
XTB metadynamics,pdb_2WHW,198,198,602.2404872123152,1.0,0,0,103,95,6.339373549603318,3.04161862228442
XTB metadynamics,csd_ABOMOT,47,47,608.969692863524,1.0,0,0,35,12,50.747474405293666,12.956801975819658
XTB metadynamics,csd_DACMAW,106,106,603.3712774645537,1.0,0,0,93,13,46.413175189581054,5.692181862873149
XTB metadynamics,pdb_1YET,146,146,602.7770518753678,1.0,5,0,111,30,20.092568395845593,4.275014552307573
XTB metadynamics,csd_MIWTER,94,94,603.1717920526862,1.0,0,0,89,5,120.63435841053725,6.416721192049853
XTB metadynamics,pdb_7UPJ,210,210,602.4106163978577,1.0,16,0,31,163,3.695770652747593,3.105209362875555
XTB metadynamics,csd_YUPBAN01,45,45,606.2851923368871,1.0,0,0,30,15,40.419012822459145,13.473004274153046
XTB metadynamics,pdb_1NWX,85,85,603.8639204911888,1.0,0,0,80,5,120.77278409823775,7.1042814175433975
XTB metadynamics,csd_FEGJAD,128,128,602.7883631531149,1.0,4,0,79,45,13.39529695895811,4.86119647704125
XTB metadynamics,csd_KIVDIC,147,147,602.5784102696925,1.0,12,0,82,53,11.369403967352689,4.463543779775501
XTB metadynamics,csd_XAGYAG,189,189,602.3320370353758,1.0,1,0,49,139,4.333324007448747,3.2038938140179565
XTB metadynamics,csd_OHUXEU,93,93,604.1067702379078,1.0,0,0,67,26,23.234875778381067,6.4957717229882554
XTB metadynamics,csd_CTILIH10,42,42,607.7762702815235,1.0,0,0,30,12,50.64802252346029,14.47086357813151
XTB metadynamics,csd_FIVSAE,232,232,602.3305771872401,1.0,39,0,124,69,8.729428654887538,3.120883819623006
XTB metadynamics,pdb_2Q0R,77,77,604.1516406740993,1.0,0,0,67,10,60.41516406740993,7.8461252035597315
MacroModel LowMode+torsional sampling,pdb_2QZK,16,16,376.87268184125423,0.920216216216216,7,0,5,4,86.7010883198042,38.533817031024086
MacroModel LowMode+torsional sampling,csd_YIVNOG,24,24,1453.5844950154424,0.9917793103448272,1,0,16,7,205.9478611420499,62.679783825841284
MacroModel LowMode+torsional sampling,pdb_3M6G,7,6,1513.615862218663,0.9705430463576156,0,0,1,5,293.805869986582,244.83822498881835
MacroModel LowMode+torsional sampling,pdb_1NWX,9,9,1273.4378180205822,0.9969763779527544,0,0,0,9,141.06526926202432,141.06526926202432
MacroModel LowMode+torsional sampling,pdb_2IYA,8,8,1213.308373099193,0.9945785123966928,2,0,0,6,201.12173946590784,201.12173946590784
MacroModel LowMode+torsional sampling,csd_RECRAT,22,20,312.3975125104189,0.9790967741935478,1,0,0,19,16.098284040265245,16.098284040265245
MacroModel LowMode+torsional sampling,csd_FINWEE10,20,19,612.7150898166001,0.9813770491803288,2,0,17,0,inf,35.37085451955736
MacroModel LowMode+torsional sampling,csd_RULSUN,40,37,1513.7074477747085,1.0072582781456956,4,0,6,27,56.4701613874766,46.20285931702631
MacroModel LowMode+torsional sampling,pdb_2C6H,22,22,372.5022629313171,0.9247567567567564,1,0,7,14,24.605284610922663,16.403523073948442
MacroModel LowMode+torsional sampling,csd_MIWTER,20,20,913.028907507658,0.9889230769230763,0,0,1,19,47.52186087011516,45.1457678266094
Macrocycle sampling in MacroModel,pdb_2QZK,809,809,4820.479409243912,1.0026444906444842,460,0,258,91,53.11238595542403,13.848788315024605
Macrocycle sampling in MacroModel,csd_YIVNOG,5208,5208,17679.15503335744,1.0086035167328655,206,0,3894,1108,16.09319308620023,3.5648256576389157
Macrocycle sampling in MacroModel,pdb_3M6G,3644,3499,14313.398065205663,1.0056862745098245,1012,0,1013,1474,9.765799169452384,5.7880128571663905
Macrocycle sampling in MacroModel,pdb_1NWX,1618,1424,12502.6793673262,1.004589743589762,419,0,460,545,23.0459879996463,12.497575581897745
Macrocycle sampling in MacroModel,pdb_2IYA,2695,2416,10113.76867549494,1.0046144697720665,1003,0,1106,307,33.09589040824002,7.19068531870466
Macrocycle sampling in MacroModel,csd_RECRAT,416,406,4578.506670484319,1.0050590809627948,79,0,208,119,38.66949333125206,14.072384423299681
Macrocycle sampling in MacroModel,csd_FINWEE10,4164,3929,15097.950755830854,1.0054342629482285,1094,0,1950,885,17.152538971997114,5.354496292845659
Macrocycle sampling in MacroModel,csd_RULSUN,4889,4656,14862.006748130543,1.0059595141700617,1151,0,3232,273,54.764018637148645,4.26549988243697
Macrocycle sampling in MacroModel,pdb_2C6H,1016,1015,4779.275647468865,1.0000167714884634,394,0,519,102,46.85642944152205,7.696225125660628
Macrocycle sampling in MacroModel,csd_MIWTER,2762,2656,9984.732683058828,1.00395180722893,488,0,1519,649,15.445593870346183,4.6237040691211595
Ringo,csd_OHIFAM,7001,7001,600.8195988021325,1.0,182,0,6465,354,1.69723050509077,0.0881096346681526
Ringo,csd_KAQJAN,8195,8195,600.2201251620427,1.0,308,0,4070,3817,0.157249181336663,0.07610246293420092
Ringo,pdb_1NT1,10000,10000,255.99809108511545,1.0,2976,0,6443,581,0.44061633577472537,0.036446197477949235
Ringo,pdb_3DV1,10000,10000,160.86568359006196,1.0,3,0,8342,1655,0.09719980881574741,0.016091395777739517
Ringo,pdb_2VZM,10000,10000,338.7525270059705,1.0,1570,0,7624,806,0.4202884950446284,0.040184166904622835
Ringo,pdb_3DV5,10000,10000,510.9243447100744,1.0,25,0,9011,964,0.5300045069606582,0.051220485685220495
Ringo,csd_GIHKOX10,274,274,600.831823826069,1.0,0,0,270,4,150.20795595651725,2.1928168752776243
Ringo,pdb_1QPL,1796,1796,600.5694243561011,1.0,0,0,1722,74,8.115803031839203,0.33439277525395383
Ringo,csd_CHPSAR,8536,8536,600.1921764120925,1.0,1830,0,5230,1476,0.4066342658618513,0.08950077190755928
Ringo,csd_GAFSEL,10000,10000,217.6529024960473,1.0,7,0,9462,531,0.40989247174396853,0.0217805366252424
Ringo,csd_ACICOE,3492,3492,600.5746186820325,1.0,0,0,3444,48,12.511971222542343,0.17198585872910438
Ringo,pdb_1QPF,1278,1278,600.5855443789624,1.0,0,0,1212,66,9.099780975438824,0.46994174051562
Ringo,csd_PAPGAP,10000,10000,252.5955145561602,1.0,7514,0,2426,60,4.20992524260267,0.10160720617705558
Ringo,csd_BIDPIN10,10000,10000,134.20600492996164,1.0,2775,0,5428,1797,0.07468336390092467,0.018575225595842442
Ringo,csd_VAKPIH,7065,7065,600.8306273990311,1.0,28,0,2085,4952,0.12133090214035361,0.08538164379693493
Ringo,csd_VALINM30,157,157,601.09320376697,1.0,0,0,151,6,100.18220062782832,3.828619132273694
Ringo,csd_CYVIHV10,2796,2796,600.471443845192,1.0,0,0,2500,296,2.028619742720243,0.2147608883566495
Ringo,pdb_1ESV,10005,10000,127.33992625586689,1.0,6324,0,2647,1029,0.12375114310579872,0.034640893976024725
Ringo,pdb_1TPS,391,391,600.5044648079202,1.0,0,0,362,29,20.707050510617936,1.5358170455445528
Ringo,pdb_3ABA,10000,10000,351.9068031050265,1.0,0,0,9082,918,0.3833407441231225,0.035190680310502646
Ringo,pdb_1NSG,794,794,600.667173871072,1.0,0,0,774,20,30.033358693553602,0.7565077756562619
Ringo,csd_COHVAW,10000,10000,136.65598733909428,1.0,1292,0,7270,1438,0.09503198006891118,0.015693154264939627
Ringo,csd_CALSAR,10000,10000,107.2860211620573,1.0,5838,0,3783,379,0.28307657298695854,0.025777515896698053
Ringo,csd_DEKSAN,26,26,602.280130708823,1.0,0,0,26,0,inf,23.164620411877806
Ringo,csd_ZAJDUJ,4,4,603.967535961885,1.0,0,0,4,0,inf,150.99188399047125
Ringo,pdb_2QZK,6249,6249,600.168173893122,1.0,5291,0,785,173,3.469180195914,0.6264803485314426
Ringo,pdb_1WUA,510,510,601.0719817790668,1.0,0,0,499,11,54.642907434460625,1.178572513292288
Ringo,pdb_1SKX,10000,10000,324.2463751221076,1.0,265,0,8988,747,0.4340647591996086,0.03330728044397613
Ringo,pdb_1KEG,6304,6304,600.8635682270397,1.0,291,0,6008,5,120.17271364540792,0.09992741863080652
Ringo,csd_CIYKUR,1067,1067,612.1969720919151,1.0,151,0,799,117,5.2324527529223515,0.6683373057771999
Ringo,pdb_2C7X,10000,10000,405.5451269450132,1.0,1987,0,7245,768,0.5280535507096525,0.05061089815861889
Ringo,pdb_3EKS,10005,10000,237.47603232995607,1.0,9058,0,734,208,1.1417116938940195,0.25209769886407224
Ringo,pdb_1BXO,5059,5059,600.4653512118384,1.0,5,0,4890,164,3.6613740927551124,0.11880992307317736
Ringo,csd_AAGGAG10,10000,10000,120.32691793004052,1.0,1697,0,7918,385,0.31253744916893644,0.014491980962307662
Ringo,csd_IDIMAJ,9473,9473,600.6940115711186,1.0,569,0,8364,540,1.1123963177242937,0.06746338854123075
Ringo,pdb_1MRL,4879,4879,600.5928748080041,1.0,0,0,4843,36,16.68313541133345,0.12309753531625417
Ringo,pdb_2WEA,7690,7690,600.268797770841,1.0,2658,0,4628,404,1.4858138558684184,0.11929030162377605
Ringo,csd_FIXYEQ,10000,10000,166.85466937790625,1.0,428,0,8654,918,0.18175889910447304,0.017431536708932955
Ringo,csd_CAMVES01,10000,10000,139.34639245993458,1.0,5327,0,4502,171,0.8148911839762256,0.029819471958042923
Ringo,pdb_3BXR,6522,6522,600.4454734339379,1.0,1,0,5066,1455,0.4126773013291669,0.09207874151724244
Ringo,csd_VUHHEM,5309,5309,600.404946501134,1.0,63,0,4535,711,0.8444514015487117,0.11445004698839763
Ringo,csd_QUDRIQ,10000,10000,361.3808054830879,1.0,939,0,7527,1534,0.23558070761609382,0.03988310401535017
Ringo,csd_YUYYEW,10000,10000,217.0791988079436,1.0,1062,0,4802,4136,0.05248529951836161,0.024287222959044934
Ringo,csd_MUCYIT,7806,7806,600.1411124491133,1.0,3272,0,3864,670,0.895733003655393,0.13236460353972504
Ringo,pdb_1PFE,3592,3592,600.6688390960917,1.0,0,0,3573,19,31.61414942611009,0.16722406433632842
Ringo,pdb_1A7X,2212,2212,600.518387706019,1.0,0,0,2169,43,13.965543900139977,0.2714820920913287
Ringo,csd_HEBLIJ,3087,3087,601.1014734469354,1.0,1,0,2900,186,3.231728351865244,0.1947833679348462
Ringo,csd_HIKPAS01,14877,10000,133.24102590908296,1.0,9876,0,112,12,11.103418825756913,1.0745244024926046
Ringo,csd_FINWEE10,3282,3282,600.4013200928457,1.0,0,0,3275,7,85.77161715612081,0.18293763561634543
Ringo,pdb_1JFF,3880,3880,600.4389352148864,1.0,893,0,2974,13,46.18761040114511,0.20101738708231887
Ringo,csd_CIYLAY,1069,1069,612.3370518588927,1.0,6,0,867,196,3.124168631933126,0.5760461447402565
Ringo,pdb_3M6G,7072,7072,600.4114491678774,1.0,0,0,7044,28,21.443266041709908,0.08489980898867046
Ringo,csd_WENFOL,3186,3186,600.7296274271794,1.0,0,0,3169,17,35.33703690748114,0.18855292762937206
Ringo,csd_POXTRD10,10000,10000,92.99432357610203,1.0,6412,0,3046,542,0.17157624276033587,0.025918150383528994
Ringo,csd_HAXMOI10,170,170,605.1387813109905,1.0,0,0,156,14,43.224198665070745,3.5596398900646498
Ringo,pdb_3KEE,7008,7008,600.3836350569036,1.0,934,0,4749,1325,0.453119724571248,0.09884485266001047
Ringo,pdb_1OSF,9691,9691,600.2991613268387,1.0,32,0,9410,249,2.4108400053286694,0.062149203988698484
Ringo,pdb_1QZ5,1116,1116,600.7277337829582,1.0,0,0,1012,104,5.776228209451522,0.5382864998055181
Ringo,csd_QEKNID,1884,1884,600.6492581120692,1.0,0,0,1770,114,5.26885314133394,0.31881595441192634
Ringo,pdb_2XBK,5747,5747,600.432069316972,1.0,23,0,5457,267,2.2488092483781723,0.104897286743007
Ringo,pdb_1QZ6,6753,6753,600.5587541968562,1.0,0,0,6092,661,0.9085608989362424,0.08893214189202668
Ringo,pdb_1NMK,10000,10000,479.4457246691454,1.0,0,0,9412,588,0.8153838854917439,0.04794457246691454
Ringo,csd_BIHYAS10,10000,10000,451.0026200099383,1.0,39,0,9381,580,0.777590724155066,0.045276841683559714
Ringo,pdb_2VYP,118,118,603.0476945529226,1.0,0,0,113,5,120.60953891058452,5.110573682651887
Ringo,csd_CAZVEF,10000,10000,380.8250015149824,1.0,7408,0,2141,451,0.8444013337361028,0.14692322589312592
Ringo,csd_OHIDUE,9863,9863,600.6298112040386,1.0,437,0,9037,389,1.5440355043805618,0.06372054012349232
Ringo,csd_RUQVAB,10000,10000,260.50003298185766,1.0,7358,0,2550,92,2.8315220976288877,0.09859955828230797
Ringo,pdb_1EHL,1099815,389,600.2914422890171,1.0,368,0,21,0,inf,28.585306775667483
Ringo,pdb_3I6O,10000,10000,589.8952907971106,1.0,409,0,6305,3286,0.17951773913484803,0.06150508714389643
Ringo,csd_WUMKIY,10000,10000,319.7927077161148,1.0,675,0,7475,1850,0.17286092308979178,0.03429412415186218
Ringo,pdb_2ASP,3086,3086,600.6619370311964,1.0,0,0,2805,281,2.137586964523831,0.1946409387657798
Ringo,csd_DIGTOC,9081,9081,600.664764450863,1.0,0,0,6099,2982,0.20143016916527934,0.0661452223819913
Ringo,pdb_1BZL,1153,1153,601.7962189188693,1.0,0,0,1142,11,54.708747174442664,0.5219394786807192
Ringo,pdb_2ASO,1905,1905,600.6726697830018,1.0,0,0,1774,131,4.585287555595433,0.31531373741889857
Ringo,pdb_2ASM,2725,2725,600.7460530009121,1.0,0,0,2479,246,2.442057126019968,0.22045726715629801
Ringo,csd_TERDAW,2438,2438,601.1552762270439,1.0,0,0,2276,162,3.710835038438543,0.24657722568787693
Ringo,csd_VOKBIG,64,64,601.2874122960493,1.0,0,0,61,3,200.42913743201643,9.39511581712577
Ringo,csd_YAGVEH,6911,6911,600.6257575429045,1.0,8,0,6757,146,4.1138750516637295,0.08700938107241844
Ringo,csd_RECRAT,7700,7700,600.3635586930905,1.0,4455,0,2862,383,1.5675288738722988,0.18501188249401862
Ringo,csd_NUCZUH,6591,6591,600.4536188438069,1.0,1,0,6276,314,1.9122726714770921,0.0911158753935974
Ringo,csd_XACJAM,3323,3323,600.5713988109492,1.0,7,0,2945,371,1.6187908323745261,0.18111320832658298
Ringo,pdb_1GHG,3566,3566,600.838133010082,1.0,6,0,3550,10,60.08381330100819,0.16877475646350618
Ringo,pdb_1XBP,10000,10000,251.17929485393688,1.0,5027,0,3676,1297,0.1936617539351865,0.050508605440164264
Ringo,pdb_1YND,377,377,600.9974821510259,1.0,0,0,364,13,46.23057555007892,1.5941577775889282
Ringo,csd_ICYSPA,31,31,603.6232201501261,1.0,0,0,31,0,inf,19.471716779036328
Ringo,csd_XAGXIN,10000,10000,215.0848141298629,1.0,3796,0,3834,2370,0.09075308613074384,0.03466873212924934
Ringo,csd_FAGFEZ,10000,10000,414.5411921280902,1.0,2,0,9764,234,1.7715435561029496,0.04146241169514805
Ringo,csd_YIVNOG,4031,4031,600.7553547148127,1.0,0,0,3959,72,8.343824371039066,0.14903382652314878
Ringo,csd_REMCOC,10006,10000,457.75224315794185,1.0,9197,0,417,386,1.1858866403055488,0.5700526066724058
Ringo,pdb_1KHR,10000,10000,259.0688543380238,1.0,409,0,7696,1895,0.13671179648444529,0.027011662427069524
Ringo,csd_VOLHOU,10000,10000,306.6313705309294,1.0,45,0,9860,95,3.227698637167678,0.03080174490516619
Ringo,pdb_1E9W,800,800,601.9300547039602,1.0,0,0,794,6,100.32167578399337,0.7524125683799503
Ringo,csd_CTVHVH01,59,59,601.2820543011185,1.0,0,0,58,1,601.2820543011185,10.191221259340992
Ringo,csd_CGPGAP10,10001,10000,113.38544743717648,1.0,8384,0,1578,38,2.9838275641362233,0.07016426202795574
Ringo,csd_QOSNAN,10000,10000,527.2548773901071,1.0,187,0,9426,387,1.3624157038504061,0.05373024328850577
Ringo,pdb_2IYA,3495,3495,600.2601325891446,1.0,31,0,3403,61,9.840330042444993,0.17328525767585007
Ringo,pdb_1S22,10000,10000,320.23460749094374,1.0,5,0,6427,3568,0.08975185187526451,0.032039480489339044
Ringo,pdb_1NTK,10000,10000,268.744257387938,1.0,106,0,8058,1836,0.14637486785835402,0.027162346612890437
Ringo,pdb_2DG4,1278,1278,600.6443995488808,1.0,0,0,1214,64,9.385068742951262,0.4699877930742416
Ringo,pdb_2IYF,1526,1526,600.2720852650236,1.0,2,0,1461,63,9.528128337540057,0.39387932104004175
Ringo,csd_JINWUZ,6770,6770,600.2729854399804,1.0,43,0,6161,566,1.0605529778091527,0.08923338567563259
Ringo,pdb_2F3E,5632,5632,600.4835669570602,1.0,0,0,5211,421,1.4263267623683142,0.10661995151936439
Ringo,pdb_2F3F,10000,10000,303.60548339411616,1.0,21,0,9752,227,1.3374690898419215,0.030424439662703293
Ringo,pdb_1FKD,3196,3196,600.4049002530519,1.0,0,0,3110,86,6.981452328523859,0.18786135802661197
Ringo,pdb_2OTJ,10000,10000,272.5044992980547,1.0,27,0,9461,512,0.5322353501915131,0.027324225338218662
Ringo,pdb_1FKL,1645,1645,600.6472018579952,1.0,0,0,1613,32,18.77022505806235,0.36513507711732235
Ringo,pdb_1FKI,10000,10000,247.87721198122017,1.0,27,0,6086,3887,0.06377082891207105,0.024854829237062084
Ringo,csd_CLPGDH,3572,3572,600.7104084920138,1.0,4,0,3415,153,3.9262118202092404,0.16836054049664065
Ringo,pdb_1FKJ,2995,2995,600.4028088138439,1.0,0,0,2875,120,5.003356740115366,0.20046838357724336
Ringo,csd_GEZBUI,8758,8758,600.2782004261389,1.0,32,0,8312,414,1.44994734402449,0.06879190928559924
Ringo,csd_KAQJER,4006,4006,600.4811704759486,1.0,22,0,1855,2129,0.28204845959415153,0.15072318536042886
Ringo,csd_WUBGAB,1605,1605,601.5752585718874,1.0,0,0,1443,162,3.7134275220486876,0.3748132452161292
Ringo,csd_ABOJOR,7386,7386,600.5558844401967,1.0,277,0,6033,1076,0.5581374390708148,0.08447825073008815
Ringo,pdb_2PH8,6643,6643,600.2114087308291,1.0,4575,0,1903,165,3.6376449013989642,0.2902376251116195
Ringo,csd_QUDROW,10000,10000,385.6919878008776,1.0,41,0,8974,985,0.3915654698486067,0.03872798351248896
Ringo,csd_RULSUN,4519,4519,600.3819952209014,1.0,0,0,4474,45,13.341822116020031,0.13285726824981223
Ringo,csd_DAFGIA,7912,7911,600.3030661991797,1.0,7659,0,249,3,200.10102206639326,2.3821550245999195
Ringo,csd_CUQRUB,12,12,601.962412355002,1.0,0,0,12,0,inf,50.163534362916835
Ringo,pdb_1XS7,4610,4610,600.494216474006,1.0,0,0,4374,236,2.5444670189576524,0.13025904912668243
Ringo,csd_LALWIF,10649,10000,239.00560085987672,1.0,9880,0,111,9,26.556177873319637,1.9917133404989726
Ringo,csd_XAGXOT,8391,8391,600.1802860200405,1.0,666,0,5090,2635,0.2277724045616852,0.0776932409087431
Ringo,csd_JOKSAD,10000,10000,99.28591605112888,1.0,867,0,3794,5339,0.018596350637034815,0.010871117491637893
Ringo,csd_CAHWEN,3590,3590,600.5769462001044,1.0,4,0,3393,193,3.1117976487052044,0.1674782337423604
Ringo,csd_MECBOL,10000,10000,196.68579850182869,1.0,3169,0,6074,757,0.2598227192890736,0.02879311938249578
Ringo,csd_DALPUC,5132,5132,600.4234548020177,1.0,88,0,4593,451,1.3313158643060259,0.11903716391792578
Ringo,csd_NITFEB,10000,10000,209.2933477228508,1.0,1499,0,4233,4268,0.04903780405877479,0.02461985033794269
Ringo,csd_YAGKOG,139,139,602.0790527109057,1.0,0,0,129,10,60.20790527109057,4.3315039763374505
Ringo,pdb_2C6H,10000,10000,283.4227930260822,1.0,3876,0,5887,237,1.1958767638231318,0.046280665092436675
Ringo,pdb_2GPL,4950,4950,601.6138949738815,1.0,79,0,3568,1303,0.46171442438517385,0.12350931943623107
Ringo,pdb_1PKF,10000,10000,278.5566460469272,1.0,148,0,7464,2388,0.1166485117449444,0.02827412160443841
Ringo,pdb_1PPJ,10000,10000,271.3223385880701,1.0,159,0,8610,1231,0.22040807358900905,0.027570606502191862
Ringo,pdb_1YXQ,11,11,602.5383484100457,1.0,0,0,10,1,602.5383484100457,54.77621349182234
Ringo,csd_RASTIO,10000,10000,222.65755272796372,1.0,4939,0,4490,571,0.3899431746549277,0.0439947742991432
Ringo,pdb_3K5C,10000,10000,551.1798687661067,1.0,68,0,5889,4043,0.1363294258634941,0.05549535529260035
Ringo,csd_MALVAL10,1353,1353,601.7582730920985,1.0,0,0,1347,6,100.29304551534976,0.4447585166977816
Ringo,pdb_2WHW,10000,10000,422.0431459911633,1.0,735,0,5926,3339,0.12639806708330736,0.04555241726833927
Ringo,csd_ABOMOT,769,769,612.3291422720067,1.0,0,0,748,21,29.15853058438127,0.7962667649831037
Ringo,csd_DACMAW,6742,6742,600.3452189390082,1.0,0,0,6518,224,2.6801125845491436,0.08904556792331773
Ringo,pdb_1YET,10000,10000,312.4581603619736,1.0,428,0,9459,113,2.7651164633802976,0.032642933594021484
Ringo,csd_MIWTER,5553,5553,600.2885318140034,1.0,2,0,5410,141,4.25736547385818,0.10814061102756321
Ringo,pdb_7UPJ,8148,8148,600.1991964820772,1.0,4874,0,892,2382,0.25197279449289556,0.18332290668359108
Ringo,csd_YUPBAN01,160,160,601.1750146909617,1.0,0,0,147,13,46.244231899304744,3.7573438418185106
Ringo,pdb_1NWX,6649,6649,600.297909101937,1.0,56,0,6452,141,4.257431979446362,0.09105079767965069
Ringo,csd_FEGJAD,5136,5136,600.5182989679743,1.0,368,0,4011,757,0.7932870527978524,0.1259476298171087
Ringo,csd_KIVDIC,7488,7488,600.279840049101,1.0,1814,0,5123,551,1.0894370962778603,0.1057948255285691
Ringo,csd_XAGYAG,8020,8020,600.1950163028669,1.0,3052,0,2491,2477,0.24230723306534793,0.12081220134920831
Ringo,csd_OHUXEU,7836,7836,600.4936806547921,1.0,223,0,7116,497,1.2082367820015938,0.0788774045257838
Ringo,csd_CTILIH10,92,92,601.784185128985,1.0,0,0,88,4,150.44604628224624,6.541132447054184
Ringo,csd_FIVSAE,10000,10000,241.8123830999248,1.0,5553,0,4219,228,1.060580627631249,0.05437651969865635
Ringo,pdb_2Q0R,10000,10000,194.20995958382264,1.0,190,0,9028,782,0.2483503319486223,0.01979714164972708
CREST,pdb_2QZK,651,558,223.546742758248,9.469233644859813,256,0,206,96,22.050170184637746,7.009325621606701
CREST,csd_RECRAT,396,275,272.4520888417028,9.268000000000008,62,0,133,80,31.563574492311293,11.854863659084055
CREST,pdb_2C6H,3159,2339,739.9287078571506,7.884921409214083,879,0,1313,147,39.688977618197,3.996081993065041
CREST,csd_YIVNOG,9202,7453,9477.276905804873,11.75523555555575,407,0,6587,459,242.71813170580572,15.811470685916095
CREST,pdb_3M6G,10250,8205,10982.234868521336,11.331102517329684,1070,0,6855,280,444.4315327307427,17.440901074226762
CREST,pdb_1NWX,12635,9611,4035.001262870152,10.882536779324203,2036,0,7106,469,93.626971530499,5.7968382373338665
CREST,pdb_2IYA,5876,4850,3859.2053020237945,10.344909657320988,1175,0,3562,113,353.30203715478154,10.863436788704847
CREST,csd_FINWEE10,14302,11142,10265.84717091173,11.360271715791711,1480,0,9350,312,373.7910681229131,12.070255977473492
CREST,csd_RULSUN,28241,21399,8527.179902864154,10.941485768054845,2739,0,17333,1327,70.30898082052106,5.000000940451845
CREST,csd_MIWTER,19498,14494,4592.504709887318,10.27226911315004,1987,0,11410,1097,43.004051306628604,3.771923265640968
